predictor	b	SE	test.stat.value	p.value	dep.var	dep.var.label	iteration	test.stat.name	model	predictor.label	predictor.type	dep.var.type	effect.size.estimate	effect.size.LBound	effect.size.UBound	row.order
Intercept	15.9211632130837	0.686520450079036	23.1910982567974	6.48143741931407e-116	X3436_recodeMean	AI	1	t.value	linear regression	NA	NA	continuous	NA	NA	NA	1
caffeine.per.day	-0.00151321971840414	0.000285576843752825	-5.29881799419939	1.19051614099377e-07	X3436_recodeMean	AI	1	t.value	linear regression	caffeine	continuous	continuous	-0.00151321971840414	-0.00207295033215968	-0.000953489104648602	2
age	0.0517462728253963	0.00768887878838501	6.73001542221805	1.79009373473005e-11	X3436_recodeMean	AI	1	t.value	linear regression	Age	continuous	continuous	0.0517462728253963	0.0366760704001617	0.0668164752506309	3
inferred.sex	0.619229118811063	0.121589925980777	5.09276664013236	3.59352027068002e-07	X3436_recodeMean	AI	1	t.value	linear regression	Sex	binary	continuous	0.429216917824508	0.264028677643495	0.594405158005521	4
overall_health_rating	-0.42192216731092	0.0840635598879932	-5.01908517641998	5.28184428092445e-07	X3436_recodeMean	AI	1	t.value	linear regression	Overall health rating	continuous	continuous	-0.42192216731092	-0.586686744691387	-0.257157589930453	5
quali.edu.6138.recoded.z.score	0.778966299497891	0.0595266146208472	13.0860171447594	8.28136832250641e-39	X3436_recodeMean	AI	1	t.value	linear regression	Educational attainment	continuous	continuous	0.778966299497891	0.662294134841031	0.895638464154752	6
TDI	-0.00890250355384263	0.0184910707190061	-0.481448786234547	0.630208176147678	X3436_recodeMean	AI	1	t.value	linear regression	TDI	continuous	continuous	-0.00890250355384263	-0.0451450021630945	0.0273399950554092	7
PC1	-0.0727637459697399	0.0388204777209499	-1.87436503210449	0.0609094562290975	X3436_recodeMean	AI	1	t.value	linear regression	PC1	continuous	continuous	-0.0727637459697399	-0.148851882302802	0.00332439036332197	8
PC2	0.0826460342610873	0.0409066399906165	2.02035743537101	0.0433731113524764	X3436_recodeMean	AI	1	t.value	linear regression	PC2	continuous	continuous	0.0826460342610873	0.00246901987947896	0.162823048642696	9
PC3	0.0050949848140646	0.0387974429386001	0.131322696243868	0.895522697852772	X3436_recodeMean	AI	1	t.value	linear regression	PC3	continuous	continuous	0.0050949848140646	-0.0709480033455916	0.0811379729737209	10
PC4	-0.0235156421431628	0.0261349606442952	-0.89977721654981	0.368260633820501	X3436_recodeMean	AI	1	t.value	linear regression	PC4	continuous	continuous	-0.0235156421431628	-0.0747401650059815	0.0277088807196559	11
PC5	-0.0103341201539843	0.0110541315231565	-0.934864953645264	0.349880626191295	X3436_recodeMean	AI	1	t.value	linear regression	PC5	continuous	continuous	-0.0103341201539843	-0.032000217939371	0.0113319776314024	12
PC6	-0.0325111708719212	0.0359737925809116	-0.90374599227473	0.366152022188167	X3436_recodeMean	AI	1	t.value	linear regression	PC6	continuous	continuous	-0.0325111708719212	-0.103019804330508	0.0379974625866654	13
PC7	0.00498386810932091	0.0278182303951058	0.179158344673058	0.857817024714519	X3436_recodeMean	AI	1	t.value	linear regression	PC7	continuous	continuous	0.00498386810932091	-0.0495398634650865	0.0595075996837283	14
PC8	0.0467749065386419	0.0276158515292976	1.69377020618098	0.0903403100646424	X3436_recodeMean	AI	1	t.value	linear regression	PC8	continuous	continuous	0.0467749065386419	-0.00735216245878147	0.100901975536065	15
PC9	0.00425838322875962	0.0138254029534667	0.308011509182944	0.758080033120886	X3436_recodeMean	AI	1	t.value	linear regression	PC9	continuous	continuous	0.00425838322875962	-0.0228394065600352	0.0313561730175544	16
PC10	0.0846692503554674	0.0293390079556267	2.88589343182714	0.00391144982032451	X3436_recodeMean	AI	1	t.value	linear regression	PC10	continuous	continuous	0.0846692503554674	0.027164794762439	0.142173705948496	17
Intercept	15.1448812155371	1.01103012885273	14.9796537050017	1.32571004700637e-49	X3436_recodeMean	AI	2	t.value	linear regression	NA	NA	continuous	NA	NA	NA	18
X20453_0_0_recoded	0.220396099983053	0.183068001374009	1.20390291219044	0.22868697028785	X3436_recodeMean	AI	2	t.value	linear regression	CI	binary	continuous	0.152766935309661	-0.0959434799364906	0.401477350555813	19
age	0.0492505477879673	0.0117690369309704	4.18475598953757	2.90619249403349e-05	X3436_recodeMean	AI	2	t.value	linear regression	Age	continuous	continuous	0.0492505477879673	0.0261832354032653	0.0723178601726693	20
inferred.sex	0.813761785660255	0.171500937641039	4.74494073824543	2.14674371503111e-06	X3436_recodeMean	AI	2	t.value	linear regression	Sex	binary	continuous	0.564056687377832	0.331060920254857	0.797052454500807	21
overall_health_rating	-0.45876336029357	0.118602185703892	-3.86808520914565	0.000111158491249982	X3436_recodeMean	AI	2	t.value	linear regression	Overall health rating	continuous	continuous	-0.45876336029357	-0.691223644273198	-0.226303076313942	22
quali.edu.6138.recoded.z.score	0.894583318665349	0.0893132350328848	10.0162458378757	2.20083241598471e-23	X3436_recodeMean	AI	2	t.value	linear regression	Educational attainment	continuous	continuous	0.894583318665349	0.719529378000894	1.0696372593298	23
TDI	-0.00317290090759441	0.0264666647964055	-0.119882914300004	0.904580958624417	X3436_recodeMean	AI	2	t.value	linear regression	TDI	continuous	continuous	-0.00317290090759441	-0.0550475639085493	0.0487017620933604	24
PC1	-0.0921553325588185	0.0547246772324175	-1.68398128996598	0.0922508502720073	X3436_recodeMean	AI	2	t.value	linear regression	PC1	continuous	continuous	-0.0921553325588185	-0.199415699934357	0.0151050348167199	25
PC2	0.0196192589200581	0.0568858331753797	0.344888310936251	0.730193576310583	X3436_recodeMean	AI	2	t.value	linear regression	PC2	continuous	continuous	0.0196192589200581	-0.0918769741036862	0.131115491943802	26
PC3	-0.00767277520468134	0.0536355776746012	-0.143053837347122	0.886253717348159	X3436_recodeMean	AI	2	t.value	linear regression	PC3	continuous	continuous	-0.00767277520468134	-0.1127985074469	0.0974529570375369	27
PC4	-0.0624466396781143	0.0357720150554468	-1.74568414950407	0.0809303687952181	X3436_recodeMean	AI	2	t.value	linear regression	PC4	continuous	continuous	-0.0624466396781143	-0.13255978918679	0.00766650983056148	28
PC5	-0.000517933285388168	0.0155113899896856	-0.0333905140501638	0.973364574133072	X3436_recodeMean	AI	2	t.value	linear regression	PC5	continuous	continuous	-0.000517933285388168	-0.030920257665172	0.0298843910943956	29
PC6	0.038487877603602	0.050359589914959	0.764261140104508	0.444749520915628	X3436_recodeMean	AI	2	t.value	linear regression	PC6	continuous	continuous	0.038487877603602	-0.0602169186297176	0.137192673836922	30
PC7	0.0014754357849905	0.0397389033275445	0.0371282461629439	0.970384307284737	X3436_recodeMean	AI	2	t.value	linear regression	PC7	continuous	continuous	0.0014754357849905	-0.0764128147369967	0.0793636863069777	31
PC8	0.0122519534500041	0.0392475163989892	0.312171433357747	0.754923914363563	X3436_recodeMean	AI	2	t.value	linear regression	PC8	continuous	continuous	0.0122519534500041	-0.0646731786920147	0.0891770855920229	32
PC9	-0.0133858746954538	0.0194527081116909	-0.688123968066381	0.491408249865516	X3436_recodeMean	AI	2	t.value	linear regression	PC9	continuous	continuous	-0.0133858746954538	-0.051513182594368	0.0247414332034604	33
PC10	0.062580639295572	0.0409245418852651	1.52917140700124	0.126288404166285	X3436_recodeMean	AI	2	t.value	linear regression	PC10	continuous	continuous	0.062580639295572	-0.0176314627995476	0.142792741390692	34
Intercept	15.4242566105035	0.472389976847828	32.6515323492397	1.69916665602923e-227	X3436_recodeMean	AI	3	t.value	linear regression	NA	NA	continuous	NA	NA	NA	35
complete_alcohol_unitsweekly	-0.00231150971814788	0.00198316675475744	-1.16556497964822	0.243805185716778	X3436_recodeMean	AI	3	t.value	linear regression	ESDPW	continuous	continuous	-0.00231150971814788	-0.00619851655747246	0.00157549712117669	36
age	0.0520797056582697	0.00534457723203055	9.74440136184228	2.20260793950258e-22	X3436_recodeMean	AI	3	t.value	linear regression	Age	continuous	continuous	0.0520797056582697	0.0416043342834898	0.0625550770330496	37
inferred.sex	0.571472673800722	0.0890572051212355	6.41691677863419	1.42387881660354e-10	X3436_recodeMean	AI	3	t.value	linear regression	Sex	binary	continuous	0.396114672612024	0.275124361360891	0.517104983863157	38
overall_health_rating	-0.476145700989273	0.056753832545478	-8.38966603017916	5.21665626556782e-17	X3436_recodeMean	AI	3	t.value	linear regression	Overall health rating	continuous	continuous	-0.476145700989273	-0.58738321277841	-0.364908189200136	39
quali.edu.6138.recoded.z.score	0.75028075454467	0.0415787513651078	18.0448120713479	3.5307498482811e-72	X3436_recodeMean	AI	3	t.value	linear regression	Educational attainment	continuous	continuous	0.75028075454467	0.668786401869059	0.831775107220282	40
TDI	-0.0219925760315215	0.0127065554432577	-1.73080549876253	0.0835028959734763	X3436_recodeMean	AI	3	t.value	linear regression	TDI	continuous	continuous	-0.0219925760315215	-0.0468974247003066	0.00291227263726365	41
PC1	-0.078914131190515	0.0270114534548603	-2.92150629074407	0.00348758302852	X3436_recodeMean	AI	3	t.value	linear regression	PC1	continuous	continuous	-0.078914131190515	-0.131856579962041	-0.0259716824189889	42
PC2	0.0342976052198201	0.0283149637834673	1.21128903720675	0.225799899365775	X3436_recodeMean	AI	3	t.value	linear regression	PC2	continuous	continuous	0.0342976052198201	-0.0211997237957759	0.089794934235416	43
PC3	0.000262170895818121	0.0267701372343512	0.00979340873462934	0.992186219364891	X3436_recodeMean	AI	3	t.value	linear regression	PC3	continuous	continuous	0.000262170895818121	-0.0522072980835101	0.0527316398751464	44
PC4	-0.0265184886048013	0.018118122657692	-1.4636443910784	0.143307883442229	X3436_recodeMean	AI	3	t.value	linear regression	PC4	continuous	continuous	-0.0265184886048013	-0.0620300090138776	0.008993031804275	45
PC5	-0.00685580838064956	0.0076417477158362	-0.897151886660963	0.36964938199702	X3436_recodeMean	AI	3	t.value	linear regression	PC5	continuous	continuous	-0.00685580838064956	-0.0218336339036885	0.0081220171423894	46
PC6	0.0130390172342722	0.0248750377359676	0.524180802162911	0.600158982146711	X3436_recodeMean	AI	3	t.value	linear regression	PC6	continuous	continuous	0.0130390172342722	-0.0357160567282244	0.0617940911967688	47
PC7	0.0267046966440303	0.0196286684034663	1.36049456311129	0.173689809940575	X3436_recodeMean	AI	3	t.value	linear regression	PC7	continuous	continuous	0.0267046966440303	-0.0117674934267637	0.0651768867148243	48
PC8	0.0335494234067708	0.0194140966109626	1.72809603655863	0.083987455786975	X3436_recodeMean	AI	3	t.value	linear regression	PC8	continuous	continuous	0.0335494234067708	-0.00450220595071595	0.0716010527642575	49
PC9	0.0077644609891753	0.00952770745755318	0.814934864842008	0.415119935152687	X3436_recodeMean	AI	3	t.value	linear regression	PC9	continuous	continuous	0.0077644609891753	-0.0109098456276289	0.0264387676059795	50
PC10	0.0682086954656015	0.0204405024550729	3.33693829765293	0.000848712335625603	X3436_recodeMean	AI	3	t.value	linear regression	PC10	continuous	continuous	0.0682086954656015	0.0281453106536586	0.108272080277544	51
Intercept	328.004693232291	6.71966812800848	48.8126328538642	0	caffeine.per.day	caffeine	4	t.value	linear regression	NA	NA	continuous	NA	NA	NA	52
X20453_0_0_recoded	8.35160110601264	1.44335215782818	5.78625324437754	7.23176891206605e-09	caffeine.per.day	caffeine	4	t.value	linear regression	CI	binary	continuous	5.78888875979398	3.8279960214367	7.74978149815127	53
age	-0.602984103544553	0.07866035795782	-7.66566691532082	1.80472818482779e-14	caffeine.per.day	caffeine	4	t.value	linear regression	Age	continuous	continuous	-0.602984103544553	-0.75715840514188	-0.448809801947226	54
inferred.sex	-31.2748736248966	1.16286884848543	-26.8945837405744	2.05827359811122e-158	caffeine.per.day	caffeine	4	t.value	linear regression	Sex	binary	continuous	-21.6780904754657	-23.2579274322955	-20.0982535186359	55
overall_health_rating	4.47936708342676	0.871461625456411	5.14006234190838	2.75476125470143e-07	caffeine.per.day	caffeine	4	t.value	linear regression	Overall health rating	continuous	continuous	4.47936708342676	2.7713022975322	6.18743186932133	56
quali.edu.6138.recoded.z.score	-3.03106650471384	0.645631202808327	-4.69473360570166	2.67522428733898e-06	caffeine.per.day	caffeine	4	t.value	linear regression	Educational attainment	continuous	continuous	-3.03106650471384	-4.29650366221816	-1.76562934720952	57
TDI	0.849441523317441	0.218416015856695	3.88909906622768	0.000100721537433702	caffeine.per.day	caffeine	4	t.value	linear regression	TDI	continuous	continuous	0.849441523317441	0.42134613223832	1.27753691439656	58
PC1	-0.629575345720447	0.373350544222352	-1.68628479444642	0.0917459719597091	caffeine.per.day	caffeine	4	t.value	linear regression	PC1	continuous	continuous	-0.629575345720447	-1.36134241239626	0.102191720955364	59
PC2	-1.15634466657889	0.387615064160514	-2.98322942913291	0.00285334703440964	caffeine.per.day	caffeine	4	t.value	linear regression	PC2	continuous	continuous	-1.15634466657889	-1.91607019233349	-0.396619140824279	60
PC3	-0.801562652738386	0.370909912581906	-2.16107099203336	0.0306936587615646	caffeine.per.day	caffeine	4	t.value	linear regression	PC3	continuous	continuous	-0.801562652738386	-1.52854608139892	-0.0745792240778499	61
PC4	0.299775656825404	0.247547251584655	1.21098357952437	0.225906297702954	caffeine.per.day	caffeine	4	t.value	linear regression	PC4	continuous	continuous	0.299775656825404	-0.18541695628052	0.784968269931328	62
PC5	0.248210685074437	0.110601523872315	2.24418865476922	0.0248237664723549	caffeine.per.day	caffeine	4	t.value	linear regression	PC5	continuous	continuous	0.248210685074437	0.0314316982846994	0.464989671864176	63
PC6	0.394903856244314	0.345533294916718	1.14288221150872	0.253091896717764	caffeine.per.day	caffeine	4	t.value	linear regression	PC6	continuous	continuous	0.394903856244314	-0.282341401792452	1.07214911428108	64
PC7	-0.320815442387249	0.273416527026355	-1.17335790150068	0.240656803567323	caffeine.per.day	caffeine	4	t.value	linear regression	PC7	continuous	continuous	-0.320815442387249	-0.856711835358904	0.215080950584407	65
PC8	-0.734055611246977	0.275161959510779	-2.66772199381078	0.0076387194973761	caffeine.per.day	caffeine	4	t.value	linear regression	PC8	continuous	continuous	-0.734055611246977	-1.2733730518881	-0.19473817060585	66
PC9	-0.0945958484254414	0.129239426182992	-0.731942652635285	0.464206328018109	caffeine.per.day	caffeine	4	t.value	linear regression	PC9	continuous	continuous	-0.0945958484254414	-0.347905123744106	0.158713426893223	67
PC10	0.342211596040358	0.27919740972039	1.22569760365282	0.220317131674373	caffeine.per.day	caffeine	4	t.value	linear regression	PC10	continuous	continuous	0.342211596040358	-0.205015327011607	0.889438519092323	68
Intercept	346.197649754205	4.24164724643831	81.6186801118139	0	caffeine.per.day	caffeine	5	t.value	linear regression	NA	NA	continuous	NA	NA	NA	69
X20160_recode	16.4706017634489	0.783553578464265	21.0203899466972	5.7699819237807e-98	caffeine.per.day	caffeine	5	t.value	linear regression	SI	binary	continuous	11.4165511744603	10.3520399851491	12.4810623637714	70
age	-0.955126434977824	0.0482414034135825	-19.7988940493573	3.8579608454666e-87	caffeine.per.day	caffeine	5	t.value	linear regression	Age	continuous	continuous	-0.955126434977824	-1.04967958566845	-0.860573284287202	71
inferred.sex	-31.6162689389721	0.762964946625428	-41.4386913564115	0	caffeine.per.day	caffeine	5	t.value	linear regression	Sex	binary	continuous	-21.9147276748735	-22.9512677980477	-20.8781875516993	72
overall_health_rating	6.7964669637457	0.558299044442544	12.1735242633845	4.45080350076434e-34	caffeine.per.day	caffeine	5	t.value	linear regression	Overall health rating	continuous	continuous	6.7964669637457	5.70220083663832	7.89073309085309	73
quali.edu.6138.recoded.z.score	-4.46709355749276	0.38886926405234	-11.4873917031702	1.56858691209702e-30	caffeine.per.day	caffeine	5	t.value	linear regression	Educational attainment	continuous	continuous	-4.46709355749276	-5.22927731503534	-3.70490979995017	74
TDI	1.89884140197347	0.139271772077345	13.6340722434331	2.65022233326718e-42	caffeine.per.day	caffeine	5	t.value	linear regression	TDI	continuous	continuous	1.89884140197347	1.62586872870187	2.17181407524506	75
PC1	-0.00894361686047561	0.246169493690129	-0.0363311339939366	0.971018369621979	caffeine.per.day	caffeine	5	t.value	linear regression	PC1	continuous	continuous	-0.00894361686047561	-0.491435824493128	0.473548590772177	76
PC2	-0.402934238929098	0.255469595813284	-1.57722971943633	0.114744624076113	caffeine.per.day	caffeine	5	t.value	linear regression	PC2	continuous	continuous	-0.402934238929098	-0.903654646723134	0.097786168864939	77
PC3	-0.340075105860017	0.244649400316514	-1.39005084590458	0.164515342517424	caffeine.per.day	caffeine	5	t.value	linear regression	PC3	continuous	continuous	-0.340075105860017	-0.819587930480385	0.13943771876035	78
PC4	0.498480434072923	0.165119966861442	3.0188985835445	0.00253734787032125	caffeine.per.day	caffeine	5	t.value	linear regression	PC4	continuous	continuous	0.498480434072923	0.174845299024496	0.82211556912135	79
PC5	0.108459324915117	0.0722291703389485	1.50160003785385	0.133202377150661	caffeine.per.day	caffeine	5	t.value	linear regression	PC5	continuous	continuous	0.108459324915117	-0.0331098489492216	0.250028498779456	80
PC6	0.297048307794572	0.227147028552808	1.30773582946305	0.190964776781241	caffeine.per.day	caffeine	5	t.value	linear regression	PC6	continuous	continuous	0.297048307794572	-0.148159868168931	0.742256483758075	81
PC7	-0.388716342355076	0.179990259261669	-2.15965210533956	0.0308010698773057	caffeine.per.day	caffeine	5	t.value	linear regression	PC7	continuous	continuous	-0.388716342355076	-0.741497250507947	-0.0359354342022047	82
PC8	-0.520723766856556	0.180028294829046	-2.89245514073792	0.00382294495180943	caffeine.per.day	caffeine	5	t.value	linear regression	PC8	continuous	continuous	-0.520723766856556	-0.873579224721485	-0.167868308991626	83
PC9	-0.0578303564892888	0.083644096473991	-0.691385990489729	0.489323993667086	caffeine.per.day	caffeine	5	t.value	linear regression	PC9	continuous	continuous	-0.0578303564892888	-0.221772785578311	0.106112072599734	84
PC10	0.252309673457079	0.183437798281429	1.3754508384907	0.16899361354349	caffeine.per.day	caffeine	5	t.value	linear regression	PC10	continuous	continuous	0.252309673457079	-0.107228411174522	0.61184775808868	85
Intercept	3.19812692210072	0.115852741789294	27.6051034503549	9.66322427201234e-168	X20453_0_0_recoded	CI	6	z.value	logistic regression	NA	NA	binary	NA	NA	NA	86
caffeine.per.day	0.000411330687098739	6.8437487417988e-05	6.01031251463837	1.85166035502719e-09	X20453_0_0_recoded	CI	6	z.value	logistic regression	caffeine	continuous	binary	1.00041141529517	1.00027723163335	1.00054561695725	87
age	-0.0737113869960441	0.00134998721473619	-54.6015445119963	0	X20453_0_0_recoded	CI	6	z.value	logistic regression	Age	continuous	binary	0.928939759250256	0.926485056898297	0.93140096528362	88
inferred.sex	-0.480750736565554	0.0205024232122217	-23.448483703086	1.36984081223004e-121	X20453_0_0_recoded	CI	6	z.value	logistic regression	Sex	binary	binary	0.716604626749109	0.696919783265073	0.736845478359611	89
overall_health_rating	0.0454973424749236	0.0150813918143719	3.01678671537243	0.00255469492983364	X20453_0_0_recoded	CI	6	z.value	logistic regression	Overall health rating	continuous	binary	1.04654822338211	1.01606549891945	1.07794545236406	90
quali.edu.6138.recoded.z.score	0.439769338012381	0.0127919106664769	34.3787061587963	5.24747744478379e-259	X20453_0_0_recoded	CI	6	z.value	logistic regression	Educational attainment	continuous	binary	1.55234910928081	1.51391224821267	1.59176184744519	91
TDI	0.145243952397838	0.00355623780984177	40.842024680093	0	X20453_0_0_recoded	CI	6	z.value	logistic regression	TDI	continuous	binary	1.15632162329554	1.14828982437377	1.16440960123462	92
PC1	0.0142273711641242	0.00656341901346837	2.16767680608675	0.0301832853829355	X20453_0_0_recoded	CI	6	z.value	logistic regression	PC1	continuous	binary	1.01432906190088	1.00136399929973	1.02746198838406	93
PC2	0.00553066883400347	0.0068201415510505	0.810931678265767	0.417404907107638	X20453_0_0_recoded	CI	6	z.value	logistic regression	PC2	continuous	binary	1.00554599121753	0.992193819118414	1.0190778464555	94
PC3	0.0211089463092998	0.00650443621053713	3.24531529344596	0.00117320646517697	X20453_0_0_recoded	CI	6	z.value	logistic regression	PC3	continuous	binary	1.02133331607184	1.00839529583003	1.03443733507274	95
PC4	-0.0106884703795852	0.00426487005296955	-2.50616554474925	0.012204846236653	X20453_0_0_recoded	CI	6	z.value	logistic regression	PC4	continuous	binary	0.989368448348066	0.981132643829203	0.997673385696724	96
PC5	0.00587844151355712	0.00190619848268456	3.0838559399535	0.00204336514656337	X20453_0_0_recoded	CI	6	z.value	logistic regression	PC5	continuous	binary	1.00589575345666	1.00214458883557	1.00966095920133	97
PC6	0.00762611746581057	0.00605482224864666	1.25951137005139	0.207845686013411	X20453_0_0_recoded	CI	6	z.value	logistic regression	PC6	continuous	binary	1.00765527036029	0.995767647613418	1.01968480932116	98
PC7	0.000217455143925938	0.004721614501294	0.0460552516234314	0.963266212166343	X20453_0_0_recoded	CI	6	z.value	logistic regression	PC7	continuous	binary	1.00021747878901	0.991003800862466	1.00951681921338	99
PC8	0.00222519853859936	0.00475914294455263	0.467562870988431	0.64009722186251	X20453_0_0_recoded	CI	6	z.value	logistic regression	PC8	continuous	binary	1.00222767613024	0.992922443080008	1.0116201137378	100
PC9	-0.00721059128530676	0.00226720162557341	-3.18039260556859	0.00147075642891339	X20453_0_0_recoded	CI	6	z.value	logistic regression	PC9	continuous	binary	0.992815342657577	0.988413341904902	0.997236948174581	101
PC10	-0.0147194567571411	0.00492401655466392	-2.98931910438018	0.00279599954729653	X20453_0_0_recoded	CI	6	z.value	logistic regression	PC10	continuous	binary	0.98538834487118	0.9759240344005	0.994944438277343	102
Intercept	2.57696810208746	0.0877938796372996	29.3524800673307	2.22156922364653e-189	X20453_0_0_recoded	CI	7	z.value	logistic regression	NA	NA	binary	NA	NA	NA	103
complete_alcohol_unitsweekly	0.0215016104122691	0.000508593710214583	42.2765952083781	0	X20453_0_0_recoded	CI	7	z.value	logistic regression	ESDPW	continuous	binary	1.02173443574973	1.0207164337217	1.02275345307259	104
age	-0.0701537958073417	0.00104602638997813	-67.0669463786744	0	X20453_0_0_recoded	CI	7	z.value	logistic regression	Age	continuous	binary	0.932250432672116	0.930341079862582	0.934163704074766	105
inferred.sex	-0.267244290302076	0.0166267396846613	-16.0731625905359	3.93488336173809e-58	X20453_0_0_recoded	CI	7	z.value	logistic regression	Sex	binary	binary	0.830905153230837	0.812346593420236	0.84988769480616	106
overall_health_rating	0.0609852826370932	0.0114951677311764	5.3052973269536	1.12489489600471e-07	X20453_0_0_recoded	CI	7	z.value	logistic regression	Overall health rating	continuous	binary	1.06288327123325	1.03920370736273	1.08710240375728	107
quali.edu.6138.recoded.z.score	0.416005151687941	0.00970349093835082	42.8716999202603	0	X20453_0_0_recoded	CI	7	z.value	logistic regression	Educational attainment	continuous	binary	1.51589367826164	1.48733556746814	1.54500012912709	108
TDI	0.137933007644607	0.00271864024398207	50.7360280382566	0	X20453_0_0_recoded	CI	7	z.value	logistic regression	TDI	continuous	binary	1.14789864726412	1.14179829668502	1.15403159053257	109
PC1	0.012328831037059	0.00507999089714913	2.42693959234806	0.0152267909549739	X20453_0_0_recoded	CI	7	z.value	logistic regression	PC1	continuous	binary	1.01240514437002	1.00237486441234	1.02253579248296	110
PC2	0.0013178652587141	0.00529354829926658	0.248956878110792	0.803394137633678	X20453_0_0_recoded	CI	7	z.value	logistic regression	PC2	continuous	binary	1.00131873402473	0.990983406086033	1.0117618528739	111
PC3	0.00985447329897637	0.00505182280482668	1.95067675167883	0.0510955106144595	X20453_0_0_recoded	CI	7	z.value	logistic regression	PC3	continuous	binary	1.0099031885104	0.999952901710675	1.01995248818085	112
PC4	-0.0179631985837922	0.0032846486084434	-5.46883418141492	4.53005299249983e-08	X20453_0_0_recoded	CI	7	z.value	logistic regression	PC4	continuous	binary	0.982197177940336	0.975894190463493	0.988540874391083	113
PC5	0.00668847215979585	0.00145797053302726	4.58752218119817	4.48537784619794e-06	X20453_0_0_recoded	CI	7	z.value	logistic regression	PC5	continuous	binary	1.00671088994208	1.00383819699946	1.00959180369635	114
PC6	0.00429915490598259	0.0046842991442082	0.917779751811577	0.358734184925737	X20453_0_0_recoded	CI	7	z.value	logistic regression	PC6	continuous	binary	1.00430840953004	0.99512982652392	1.01357165122465	115
PC7	0.00205175561177579	0.00364773293659475	0.562474185319924	0.573792987047374	X20453_0_0_recoded	CI	7	z.value	logistic regression	PC7	continuous	binary	1.00205386190261	0.99491517079148	1.00924377437639	116
PC8	0.0047187665190069	0.00367563590330873	1.28379595888678	0.199213357939289	X20453_0_0_recoded	CI	7	z.value	logistic regression	PC8	continuous	binary	1.00472991743035	0.997517606396103	1.01199437534414	117
PC9	-0.00916778343126406	0.00174457371030686	-5.2550278484086	1.48002074751368e-07	X20453_0_0_recoded	CI	7	z.value	logistic regression	PC9	continuous	binary	0.990874112566359	0.987491738909157	0.99426807158788	118
PC10	-0.0176333430766561	0.00381434846652523	-4.62289778487898	3.7841621429467e-06	X20453_0_0_recoded	CI	7	z.value	logistic regression	PC10	continuous	binary	0.982521214528261	0.97520315452748	0.989894190268319	119
Intercept	2.46097479650246	0.0930501549340803	26.447831260957	3.86447199066187e-154	X20453_0_0_recoded	CI	8	z.value	logistic regression	NA	NA	binary	NA	NA	NA	120
X20160_recode	1.97778516407573	0.0211432523884357	93.5421442141738	0	X20453_0_0_recoded	CI	8	z.value	logistic regression	SI	binary	binary	3.93887917792663	3.82734615884243	4.05366239018117	121
age	-0.0841571888524178	0.0011281492735989	-74.5975650757182	0	X20453_0_0_recoded	CI	8	z.value	logistic regression	Age	continuous	binary	0.919286743109315	0.9172562871448	0.921321693729774	122
inferred.sex	-0.43944934014319	0.0168043862461923	-26.1508711895244	9.63291842956811e-151	X20453_0_0_recoded	CI	8	z.value	logistic regression	Sex	binary	binary	0.737416018023163	0.720771595411358	0.754444802069082	123
overall_health_rating	-0.00662507105859546	0.012194905472924	-0.543265470429839	0.586947034811342	X20453_0_0_recoded	CI	8	z.value	logistic regression	Overall health rating	continuous	binary	0.993396826340709	0.969934160282776	1.01742705329204	124
quali.edu.6138.recoded.z.score	0.484768044829736	0.0102364608309942	47.3569969966519	0	X20453_0_0_recoded	CI	8	z.value	logistic regression	Educational attainment	continuous	binary	1.62379831674304	1.59154394806653	1.65670635527265	125
TDI	0.131153967896961	0.00288976517132931	45.3856836528447	0	X20453_0_0_recoded	CI	8	z.value	logistic regression	TDI	continuous	binary	1.14014331326668	1.13370386379193	1.14661933887992	126
PC1	0.0096486786591691	0.005375788494855	1.79483970926377	0.0726792420671697	X20453_0_0_recoded	CI	8	z.value	logistic regression	PC1	continuous	binary	1.00969537723143	0.999112527246346	1.02039032341265	127
PC2	0.00242901366691928	0.00559783022268416	0.433920567486338	0.664346123657905	X20453_0_0_recoded	CI	8	z.value	logistic regression	PC2	continuous	binary	1.00243196611064	0.991493651894718	1.01349095353275	128
PC3	0.0100213199310004	0.00534936762124352	1.87336534718674	0.06101795177192	X20453_0_0_recoded	CI	8	z.value	logistic regression	PC3	continuous	binary	1.01007170151359	0.999536666765374	1.02071777466674	129
PC4	-0.0135634952423838	0.00347486854714674	-3.90331175362618	9.48853553007445e-05	X20453_0_0_recoded	CI	8	z.value	logistic regression	PC4	continuous	binary	0.986528074489816	0.979831914744541	0.99326999571179	130
PC5	0.00753141860027654	0.00153897137001853	4.89380033118214	9.89071883483438e-07	X20453_0_0_recoded	CI	8	z.value	logistic regression	PC5	continuous	binary	1.00755985106746	1.00452524284185	1.01060362665561	131
PC6	0.00419114011956087	0.00496274620042278	0.844520342225806	0.398378700970408	X20453_0_0_recoded	CI	8	z.value	logistic regression	PC6	continuous	binary	1.0041999352302	0.994479452106719	1.01401543066585	132
PC7	0.00149694332416692	0.00386312598724491	0.38749534162475	0.69838953293882	X20453_0_0_recoded	CI	8	z.value	logistic regression	PC7	continuous	binary	1.0014980643031	0.993943630580848	1.00910991523405	133
PC8	0.00137928087788793	0.00390103874792088	0.353567592381143	0.72366296500526	X20453_0_0_recoded	CI	8	z.value	logistic regression	PC8	continuous	binary	1.00138023252324	0.993752840087457	1.00906616780088	134
PC9	-0.00746450997195328	0.00185484743011981	-4.02432558642904	5.71388219318896e-05	X20453_0_0_recoded	CI	8	z.value	logistic regression	PC9	continuous	binary	0.992563280292714	0.988961366878347	0.996178312298645	135
PC10	-0.015013882340724	0.0040462695166951	-3.71054925500537	0.00020681005193773	X20453_0_0_recoded	CI	8	z.value	logistic regression	PC10	continuous	binary	0.985098264038391	0.977316654354107	0.992941832606735	136
Intercept	5.18784882386654	0.939472985115069	5.52208408976349	3.4425016643029e-08	X3456.0.0	CPD	9	t.value	linear regression	NA	NA	continuous	NA	NA	NA	137
caffeine.per.day	0.00691864802534177	0.000392365112024598	17.6331886126207	1.88670501265036e-68	X3456.0.0	CPD	9	t.value	linear regression	caffeine	continuous	continuous	0.00691864802534177	0.00614961240577356	0.00768768364490999	138
age	0.0430121403297639	0.0106541430586744	4.03712810057906	5.45546894799903e-05	X3456.0.0	CPD	9	t.value	linear regression	Age	continuous	continuous	0.0430121403297639	0.022130019934762	0.0638942607247657	139
inferred.sex	-2.10888222149837	0.167555514379977	-12.5861701973945	5.02817554410685e-36	X3456.0.0	CPD	9	t.value	linear regression	Sex	binary	continuous	-1.46176576596459	-1.6894014054289	-1.23413012650027	140
overall_health_rating	1.84026456771617	0.115656689692653	15.9114407701492	3.03286218482822e-56	X3456.0.0	CPD	9	t.value	linear regression	Overall health rating	continuous	continuous	1.84026456771617	1.61357745591857	2.06695167951377	141
quali.edu.6138.recoded.z.score	-0.614187824757918	0.0826369701415924	-7.43236137173898	1.16347928057817e-13	X3456.0.0	CPD	9	t.value	linear regression	Educational attainment	continuous	continuous	-0.614187824757918	-0.776156286235439	-0.452219363280397	142
TDI	0.188109227801469	0.0254665914866657	7.38650980834882	1.64057807723131e-13	X3456.0.0	CPD	9	t.value	linear regression	TDI	continuous	continuous	0.188109227801469	0.138194708487604	0.238023747115334	143
PC1	-0.0707407649071387	0.0535248273434708	-1.32164396258941	0.186320074900847	X3456.0.0	CPD	9	t.value	linear regression	PC1	continuous	continuous	-0.0707407649071387	-0.175649426500341	0.034167896686064	144
PC2	0.0209330789117659	0.0565913844114325	0.369898689164018	0.71146661550129	X3456.0.0	CPD	9	t.value	linear regression	PC2	continuous	continuous	0.0209330789117659	-0.0899860345346418	0.131852192358174	145
PC3	-0.0278559469535017	0.053611824800185	-0.519585876013785	0.603364925007127	X3456.0.0	CPD	9	t.value	linear regression	PC3	continuous	continuous	-0.0278559469535017	-0.132935123561864	0.077223229654861	146
PC4	0.106473009288615	0.0362290503302889	2.93888490915258	0.00330225635399375	X3456.0.0	CPD	9	t.value	linear regression	PC4	continuous	continuous	0.106473009288615	0.035464070641249	0.177481947935982	147
PC5	0.034151817950789	0.0151974171322932	2.24721198697767	0.0246504261731152	X3456.0.0	CPD	9	t.value	linear regression	PC5	continuous	continuous	0.034151817950789	0.00436488037149439	0.0639387555300837	148
PC6	0.0597493568499901	0.0496056870085918	1.20448602676627	0.228433212272562	X3456.0.0	CPD	9	t.value	linear regression	PC6	continuous	continuous	0.0597493568499901	-0.0374777896868499	0.15697650338683	149
PC7	0.0481809867244344	0.0386405375875748	1.24690259847543	0.212465415522067	X3456.0.0	CPD	9	t.value	linear regression	PC7	continuous	continuous	0.0481809867244344	-0.0275544669472122	0.123916440396081	150
PC8	0.0443662674951819	0.0382854687532361	1.15882785140072	0.246556874657023	X3456.0.0	CPD	9	t.value	linear regression	PC8	continuous	continuous	0.0443662674951819	-0.0306732512611608	0.119405786251525	151
PC9	0.0394632732846554	0.0193876836898467	2.03548159315815	0.0418314499988665	X3456.0.0	CPD	9	t.value	linear regression	PC9	continuous	continuous	0.0394632732846554	0.00146341325255589	0.0774631333167549	152
PC10	0.00988764083796186	0.0405223520887179	0.24400461296803	0.807232766764087	X3456.0.0	CPD	9	t.value	linear regression	PC10	continuous	continuous	0.00988764083796186	-0.0695361692559252	0.0893114509318489	153
Intercept	10.4251634279506	1.3868207201642	7.51731155755753	6.7700500932769e-14	X3456.0.0	CPD	10	t.value	linear regression	NA	NA	continuous	NA	NA	NA	154
X20453_0_0_recoded	-1.13258315856835	0.252284297452827	-4.48931292991045	7.333105255191e-06	X3456.0.0	CPD	10	t.value	linear regression	CI	binary	continuous	-0.785046823111329	-1.12779231609012	-0.442301330132541	155
age	0.0295569165508029	0.016203809695076	1.82407206126252	0.0682108248372944	X3456.0.0	CPD	10	t.value	linear regression	Age	continuous	continuous	0.0295569165508029	-0.002202550451546	0.0613163835531519	156
inferred.sex	-2.16599386769393	0.238328914024066	-9.08825467763098	1.5053982006927e-19	X3456.0.0	CPD	10	t.value	linear regression	Sex	binary	continuous	-1.50135254250218	-1.8251386915135	-1.17756639349086	157
overall_health_rating	1.81448431931727	0.162677160713379	11.1538971504071	1.6867213463479e-28	X3456.0.0	CPD	10	t.value	linear regression	Overall health rating	continuous	continuous	1.81448431931727	1.49563708431905	2.13333155431549	158
quali.edu.6138.recoded.z.score	-0.590224370725387	0.123229497282179	-4.78963546669229	1.72731323830869e-06	X3456.0.0	CPD	10	t.value	linear regression	Educational attainment	continuous	continuous	-0.590224370725387	-0.831754185398458	-0.348694556052316	159
TDI	0.143351420750082	0.0361084519051486	3.97002400232067	7.30436754101703e-05	X3456.0.0	CPD	10	t.value	linear regression	TDI	continuous	continuous	0.143351420750082	0.0725788550159904	0.214123986484173	160
PC1	0.0217712182191734	0.0759188981707229	0.286769417677998	0.774302752278981	X3456.0.0	CPD	10	t.value	linear regression	PC1	continuous	continuous	0.0217712182191734	-0.127029822195443	0.17057225863379	161
PC2	-0.0386932290749294	0.0786297890790633	-0.49209376660063	0.622678279318592	X3456.0.0	CPD	10	t.value	linear regression	PC2	continuous	continuous	-0.0386932290749294	-0.192807615669893	0.115421157520035	162
PC3	-0.137107575037598	0.0736984747354253	-1.86038551720112	0.0628994935646704	X3456.0.0	CPD	10	t.value	linear regression	PC3	continuous	continuous	-0.137107575037598	-0.281556585519032	0.00734143544383536	163
PC4	-0.00419318814159464	0.0490511756226523	-0.085485986591893	0.931879031436884	X3456.0.0	CPD	10	t.value	linear regression	PC4	continuous	continuous	-0.00419318814159464	-0.100333492361993	0.0919471160788038	164
PC5	0.0558040145746645	0.0212290126066052	2.62866745659672	0.00860262684229416	X3456.0.0	CPD	10	t.value	linear regression	PC5	continuous	continuous	0.0558040145746645	0.0141951498657183	0.0974128792836106	165
PC6	0.0738477296039575	0.0695587129995622	1.06166037897254	0.288449751811754	X3456.0.0	CPD	10	t.value	linear regression	PC6	continuous	continuous	0.0738477296039575	-0.0624873478751845	0.210182807083099	166
PC7	0.105759970915125	0.0548856811903983	1.9269136980963	0.0540564639990008	X3456.0.0	CPD	10	t.value	linear regression	PC7	continuous	continuous	0.105759970915125	-0.00181596421805566	0.213335906048305	167
PC8	0.0052232996199278	0.05419549941701	0.0963788446663597	0.923224202606624	X3456.0.0	CPD	10	t.value	linear regression	PC8	continuous	continuous	0.0052232996199278	-0.100999879237412	0.111446478477267	168
PC9	0.0669004661902616	0.027308613712429	2.44979356677535	0.0143335753594559	X3456.0.0	CPD	10	t.value	linear regression	PC9	continuous	continuous	0.0669004661902616	0.0133755833139008	0.120425349066622	169
PC10	0.129827724460175	0.056673269559901	2.29081056145796	0.0220227278319763	X3456.0.0	CPD	10	t.value	linear regression	PC10	continuous	continuous	0.129827724460175	0.018748116122769	0.240907332797581	170
Intercept	8.18657738872141	0.687198722230319	11.9129694568577	1.35697379332046e-32	X3456.0.0	CPD	11	t.value	linear regression	NA	NA	continuous	NA	NA	NA	171
complete_alcohol_unitsweekly	0.0226711297221929	0.0029251342370653	7.75045788836624	9.65952348988994e-15	X3456.0.0	CPD	11	t.value	linear regression	ESDPW	continuous	continuous	0.0226711297221929	0.0169378666175449	0.0284043928268409	172
age	0.044105549213587	0.00785100170258141	5.61782443622259	1.96340747032681e-08	X3456.0.0	CPD	11	t.value	linear regression	Age	continuous	continuous	0.044105549213587	0.0287175858765274	0.0594935125506465	173
inferred.sex	-2.07997206773218	0.130574598805778	-15.9293774344735	9.9916479779543e-57	X3456.0.0	CPD	11	t.value	linear regression	Sex	binary	continuous	-1.441726774392	-1.61912130782135	-1.26433224096266	174
overall_health_rating	1.73630704166069	0.0827514243063472	20.9822012879542	1.4997423964723e-96	X3456.0.0	CPD	11	t.value	linear regression	Overall health rating	continuous	continuous	1.73630704166069	1.57411425002025	1.89849983330113	175
quali.edu.6138.recoded.z.score	-0.688184327529436	0.0612501012074878	-11.2356439248676	3.4359171558787e-29	X3456.0.0	CPD	11	t.value	linear regression	Educational attainment	continuous	continuous	-0.688184327529436	-0.808234525896112	-0.56813412916276	176
TDI	0.201216058980901	0.0185220343302063	10.8636046879987	2.10479861829928e-27	X3456.0.0	CPD	11	t.value	linear regression	TDI	continuous	continuous	0.201216058980901	0.164912871693697	0.237519246268105	177
PC1	-0.0631224956689575	0.039489766966091	-1.5984519666363	0.10996061167138	X3456.0.0	CPD	11	t.value	linear regression	PC1	continuous	continuous	-0.0631224956689575	-0.140522438922496	0.0142774475845809	178
PC2	0.0083870679737459	0.0414576363456418	0.202304538151211	0.839681021127328	X3456.0.0	CPD	11	t.value	linear regression	PC2	continuous	continuous	0.0083870679737459	-0.072869899263712	0.0896440352112038	179
PC3	-0.0245086770742263	0.0391568684888053	-0.625910038777314	0.531382171694686	X3456.0.0	CPD	11	t.value	linear regression	PC3	continuous	continuous	-0.0245086770742263	-0.101256139312285	0.052238785163832	180
PC4	0.0601926458641255	0.0265130334503661	2.27030399885436	0.023201335538955	X3456.0.0	CPD	11	t.value	linear regression	PC4	continuous	continuous	0.0601926458641255	0.00822710030140791	0.112158191426843	181
PC5	0.0359857376921358	0.0111371301402636	3.2311499676239	0.00123522806799977	X3456.0.0	CPD	11	t.value	linear regression	PC5	continuous	continuous	0.0359857376921358	0.0141569626172192	0.0578145127670524	182
PC6	0.0158566044283006	0.0363923249954222	0.435712871609473	0.663050478746448	X3456.0.0	CPD	11	t.value	linear regression	PC6	continuous	continuous	0.0158566044283006	-0.0554723525627269	0.0871855614193282	183
PC7	0.00244748462078064	0.0288142067437439	0.0849402047589608	0.932309907182375	X3456.0.0	CPD	11	t.value	linear regression	PC7	continuous	continuous	0.00244748462078064	-0.0540283605969574	0.0589233298385187	184
PC8	0.0112131017130455	0.0285099288733264	0.393305145125646	0.694098944492238	X3456.0.0	CPD	11	t.value	linear regression	PC8	continuous	continuous	0.0112131017130455	-0.0446663588786743	0.0670925623047652	185
PC9	0.0447167375926943	0.0140893526442085	3.17379646332263	0.00150721411665715	X3456.0.0	CPD	11	t.value	linear regression	PC9	continuous	continuous	0.0447167375926943	0.0171016064100456	0.072331868775343	186
PC10	0.0196231381203729	0.029920719052799	0.655837785373584	0.511937186237207	X3456.0.0	CPD	11	t.value	linear regression	PC10	continuous	continuous	0.0196231381203729	-0.0390214712231131	0.0782677474638589	187
Intercept	15.4439783896451	0.509316589450387	30.322943940057	4.34091447821594e-201	complete_alcohol_unitsweekly	ESDPW	12	t.value	linear regression	NA	NA	continuous	NA	NA	NA	188
X20453_0_0_recoded	4.89168215775511	0.110202097477911	44.3882854292823	0	complete_alcohol_unitsweekly	ESDPW	12	t.value	linear regression	CI	binary	continuous	3.39065569584335	3.24093860045248	3.54037279123421	189
age	0.0827808929753392	0.00594415745568389	13.9264300437033	4.79567766404645e-44	complete_alcohol_unitsweekly	ESDPW	12	t.value	linear regression	Age	continuous	continuous	0.0827808929753392	0.0711303443621988	0.0944314415884796	190
inferred.sex	-9.22301243559013	0.0897786798930804	-102.730541890057	0	complete_alcohol_unitsweekly	ESDPW	12	t.value	linear regression	Sex	binary	continuous	-6.39290506599861	-6.51487555012949	-6.27093458186774	191
overall_health_rating	-0.721336222956262	0.0655951053042641	-10.9967995265856	4.10349488613106e-28	complete_alcohol_unitsweekly	ESDPW	12	t.value	linear regression	Overall health rating	continuous	continuous	-0.721336222956262	-0.84990262935262	-0.592769816559904	192
quali.edu.6138.recoded.z.score	0.0932387432012592	0.0491682548544004	1.8963199624913	0.0579205208524748	complete_alcohol_unitsweekly	ESDPW	12	t.value	linear regression	Educational attainment	continuous	continuous	0.0932387432012592	-0.00313103631336556	0.189608522715884	193
TDI	-0.00266554524155714	0.0164641785963407	-0.161899679717371	0.871385170006394	complete_alcohol_unitsweekly	ESDPW	12	t.value	linear regression	TDI	continuous	continuous	-0.00266554524155714	-0.0349353352903848	0.0296042448072706	194
PC1	-0.019382463434326	0.0286626278572019	-0.676227718229117	0.498897582619819	complete_alcohol_unitsweekly	ESDPW	12	t.value	linear regression	PC1	continuous	continuous	-0.019382463434326	-0.0755612140344418	0.0367962871657898	195
PC2	0.0280905270205671	0.0298356825607527	0.941507772224348	0.346446898232492	complete_alcohol_unitsweekly	ESDPW	12	t.value	linear regression	PC2	continuous	continuous	0.0280905270205671	-0.0303874107985082	0.0865684648396424	196
PC3	-0.0613564750268056	0.0285209912272134	-2.15127428559573	0.031456855840095	complete_alcohol_unitsweekly	ESDPW	12	t.value	linear regression	PC3	continuous	continuous	-0.0613564750268056	-0.117257617832144	-0.00545533222146737	197
PC4	0.0442616272041876	0.0189615670199755	2.33428108328595	0.0195829049074232	complete_alcohol_unitsweekly	ESDPW	12	t.value	linear regression	PC4	continuous	continuous	0.0442616272041876	0.00709695584503563	0.0814262985633396	198
PC5	0.0809635967554505	0.00839181356698803	9.64792605426168	5.12392849054621e-22	complete_alcohol_unitsweekly	ESDPW	12	t.value	linear regression	PC5	continuous	continuous	0.0809635967554505	0.064515642164154	0.097411551346747	199
PC6	0.0253902752445357	0.0264974123809183	0.958217160209199	0.337955496569415	complete_alcohol_unitsweekly	ESDPW	12	t.value	linear regression	PC6	continuous	continuous	0.0253902752445357	-0.0265446530220643	0.0773252035111356	200
PC7	-0.00500687240138896	0.0209464286619884	-0.239032270473627	0.811081031388172	complete_alcohol_unitsweekly	ESDPW	12	t.value	linear regression	PC7	continuous	continuous	-0.00500687240138896	-0.0460618725788863	0.0360481277761084	201
PC8	0.000485812036933219	0.0210495684787813	0.0230794297480699	0.981586958340868	complete_alcohol_unitsweekly	ESDPW	12	t.value	linear regression	PC8	continuous	continuous	0.000485812036933219	-0.0407713421814781	0.0417429662553446	202
PC9	0.0583465695612268	0.00988980539424841	5.89966811633718	3.65357531330879e-09	complete_alcohol_unitsweekly	ESDPW	12	t.value	linear regression	PC9	continuous	continuous	0.0583465695612268	0.0389625509884999	0.0777305881339537	203
PC10	0.124112003140052	0.0214514051538223	5.78572835905518	7.24053101699593e-09	complete_alcohol_unitsweekly	ESDPW	12	t.value	linear regression	PC10	continuous	continuous	0.124112003140052	0.0820672490385606	0.166156757241544	204
Intercept	20.8337205338166	0.316176539326966	65.8926831768245	0	complete_alcohol_unitsweekly	ESDPW	13	t.value	linear regression	NA	NA	continuous	NA	NA	NA	205
X20160_recode	5.17359225767991	0.0587885015840147	88.0034720784016	0	complete_alcohol_unitsweekly	ESDPW	13	t.value	linear regression	SI	binary	continuous	3.58606088677759	3.50619268189788	3.66592909165731	206
age	-0.0330862016428189	0.00360212335225894	-9.18519395569008	4.13503221739378e-20	complete_alcohol_unitsweekly	ESDPW	13	t.value	linear regression	Age	continuous	continuous	-0.0330862016428189	-0.0401463634132464	-0.0260260398723914	207
inferred.sex	-10.0937250044804	0.0575933621012867	-175.258478342158	0	complete_alcohol_unitsweekly	ESDPW	13	t.value	linear regression	Sex	binary	continuous	-6.99643702820303	-7.0746815542596	-6.91819250214646	208
overall_health_rating	-0.823587557932037	0.041079905945065	-20.0484285196124	2.41259453598647e-89	complete_alcohol_unitsweekly	ESDPW	13	t.value	linear regression	Overall health rating	continuous	continuous	-0.823587557932037	-0.904104173584364	-0.743070942279709	209
quali.edu.6138.recoded.z.score	0.343307574008306	0.0291418792395241	11.7805571557887	5.00437230683547e-32	complete_alcohol_unitsweekly	ESDPW	13	t.value	linear regression	Educational attainment	continuous	continuous	0.343307574008306	0.286189490698839	0.400425657317773	210
TDI	-0.0104471238443146	0.0102478704335379	-1.01944339675925	0.307993405272157	complete_alcohol_unitsweekly	ESDPW	13	t.value	linear regression	TDI	continuous	continuous	-0.0104471238443146	-0.030532949894049	0.00963870220541969	211
PC1	-0.00746062344320631	0.0185222875472487	-0.402791686727405	0.687101789031286	complete_alcohol_unitsweekly	ESDPW	13	t.value	linear regression	PC1	continuous	continuous	-0.00746062344320631	-0.0437643070358137	0.0288430601494011	212
PC2	0.0217180340048429	0.0192646747585589	1.12735015135379	0.259595445346809	complete_alcohol_unitsweekly	ESDPW	13	t.value	linear regression	PC2	continuous	continuous	0.0217180340048429	-0.0160407285219325	0.0594767965316184	213
PC3	-0.0615501264334941	0.0184732005958578	-3.3318604490927	0.000862788141013437	complete_alcohol_unitsweekly	ESDPW	13	t.value	linear regression	PC3	continuous	continuous	-0.0615501264334941	-0.0977575996013753	-0.025342653265613	214
PC4	0.0502303986898405	0.012395722444754	4.05223648026248	5.07442068195755e-05	complete_alcohol_unitsweekly	ESDPW	13	t.value	linear regression	PC4	continuous	continuous	0.0502303986898405	0.0259347826981227	0.0745260146815583	215
PC5	0.0930319439409819	0.00536512619851523	17.3401222075126	2.54331877973639e-67	complete_alcohol_unitsweekly	ESDPW	13	t.value	linear regression	PC5	continuous	continuous	0.0930319439409819	0.082516296591892	0.103547591290072	216
PC6	-0.024982029430778	0.0171164200215577	-1.45953589590076	0.144418805388004	complete_alcohol_unitsweekly	ESDPW	13	t.value	linear regression	PC6	continuous	continuous	-0.024982029430778	-0.0585302126730311	0.00856615381147514	217
PC7	-0.0281891882011967	0.013571415562827	-2.0771000689426	0.0377932460259751	complete_alcohol_unitsweekly	ESDPW	13	t.value	linear regression	PC7	continuous	continuous	-0.0281891882011967	-0.0547891627043377	-0.00158921369805571	218
PC8	0.00228349495045294	0.0135875385293211	0.168058029460251	0.866537750325194	complete_alcohol_unitsweekly	ESDPW	13	t.value	linear regression	PC8	continuous	continuous	0.00228349495045294	-0.0243480805670164	0.0289150704679223	219
PC9	0.0623950596517721	0.0063017517292708	9.90122466455722	4.14872776716516e-23	complete_alcohol_unitsweekly	ESDPW	13	t.value	linear regression	PC9	continuous	continuous	0.0623950596517721	0.0500436262624014	0.0747464930411429	220
PC10	0.13287745016874	0.0138391260849899	9.6015781164723	7.93505379748994e-22	complete_alcohol_unitsweekly	ESDPW	13	t.value	linear regression	PC10	continuous	continuous	0.13287745016874	0.10575276304216	0.16000213729532	221
Intercept	-16.2182153048584	0.539201391972904	-30.0782148308576	2.01925622473633e-197	merged_pack_years_20161	PYOS	14	t.value	linear regression	NA	NA	continuous	NA	NA	NA	222
X20453_0_0_recoded	9.13593544722089	0.123654063085396	73.8830186349119	0	merged_pack_years_20161	PYOS	14	t.value	linear regression	CI	binary	continuous	6.33254789701882	6.16455538524167	6.50054040879597	223
age	0.345897930364629	0.00629531902026719	54.9452584135995	0	merged_pack_years_20161	PYOS	14	t.value	linear regression	Age	continuous	continuous	0.345897930364629	0.333559105084905	0.358236755644352	224
inferred.sex	-2.49527265986946	0.0954734450395752	-26.1357769046161	8.29085355751649e-150	merged_pack_years_20161	PYOS	14	t.value	linear regression	Sex	binary	continuous	-1.72959120891683	-1.85929842144198	-1.59988399639168	225
overall_health_rating	2.14682248615457	0.0691847168697938	31.0302995124618	6.82477081997821e-210	merged_pack_years_20161	PYOS	14	t.value	linear regression	Overall health rating	continuous	continuous	2.14682248615457	2.01122044108977	2.28242453121936	226
quali.edu.6138.recoded.z.score	-1.87050095993386	0.0515988267357747	-36.2508428633901	6.12456981492318e-285	merged_pack_years_20161	PYOS	14	t.value	linear regression	Educational attainment	continuous	continuous	-1.87050095993386	-1.97163466033598	-1.76936725953174	227
TDI	0.342316651146436	0.0176841784504198	19.3572266931241	3.0151515112162e-83	merged_pack_years_20161	PYOS	14	t.value	linear regression	TDI	continuous	continuous	0.342316651146436	0.307655661383613	0.376977640909259	228
PC1	-0.0157631219519616	0.0305459101344573	-0.516046890813706	0.605823385334909	merged_pack_years_20161	PYOS	14	t.value	linear regression	PC1	continuous	continuous	-0.0157631219519616	-0.0756331058154979	0.0441068619115748	229
PC2	0.00353680459303453	0.0318037641202544	0.111207106795956	0.911452453743735	merged_pack_years_20161	PYOS	14	t.value	linear regression	PC2	continuous	continuous	0.00353680459303453	-0.0587985730826642	0.0658721822687332	230
PC3	-0.0279362877077021	0.0303216254319011	-0.921332128795134	0.356880413517154	merged_pack_years_20161	PYOS	14	t.value	linear regression	PC3	continuous	continuous	-0.0279362877077021	-0.0873666735542282	0.031494098138824	231
PC4	0.000140187436978244	0.0204008120119771	0.00687165966217136	0.994517272729302	merged_pack_years_20161	PYOS	14	t.value	linear regression	PC4	continuous	continuous	0.000140187436978244	-0.0398454041064968	0.0401257789804533	232
PC5	0.0552974171335738	0.00895033960820923	6.17824792735855	6.51934165954742e-10	merged_pack_years_20161	PYOS	14	t.value	linear regression	PC5	continuous	continuous	0.0552974171335738	0.0377547515014837	0.0728400827656639	233
PC6	-0.00796740318262613	0.028131603243684	-0.283218951782101	0.777009888149204	merged_pack_years_20161	PYOS	14	t.value	linear regression	PC6	continuous	continuous	-0.00796740318262613	-0.0631053455402468	0.0471705391749946	234
PC7	-0.0450440383688145	0.02239666397879	-2.01119409620432	0.0443090099065269	merged_pack_years_20161	PYOS	14	t.value	linear regression	PC7	continuous	continuous	-0.0450440383688145	-0.088941499767243	-0.00114657697038598	235
PC8	0.0301309083133549	0.0224381858367204	1.34284066156744	0.179328183646957	merged_pack_years_20161	PYOS	14	t.value	linear regression	PC8	continuous	continuous	0.0301309083133549	-0.0138479359266171	0.0741097525533269	236
PC9	0.0165380738621424	0.0105323424105456	1.570218021547	0.116369183603748	merged_pack_years_20161	PYOS	14	t.value	linear regression	PC9	continuous	continuous	0.0165380738621424	-0.00410531726252689	0.0371814649868118	237
PC10	0.0327482702754079	0.0227752861955779	1.43788622431302	0.150471071803356	merged_pack_years_20161	PYOS	14	t.value	linear regression	PC10	continuous	continuous	0.0327482702754079	-0.0118912906679247	0.0773878312187405	238
Intercept	-10.2776448318609	0.264098272852509	-38.9159865411186	0	merged_pack_years_20161	PYOS	15	t.value	linear regression	NA	NA	continuous	NA	NA	NA	239
X20160_recode	19.5265425125139	0.0509643182457718	383.141444536717	0	merged_pack_years_20161	PYOS	15	t.value	linear regression	SI	binary	continuous	13.5347678886329	13.4655293725706	13.6040064046953	240
age	0.155281298406908	0.00305001647676997	50.9116260812316	0	merged_pack_years_20161	PYOS	15	t.value	linear regression	Age	continuous	continuous	0.155281298406908	0.149303266112439	0.161259330701378	241
inferred.sex	-1.87699178820853	0.0482716157220778	-38.8839644194893	0	merged_pack_years_20161	PYOS	15	t.value	linear regression	Sex	binary	continuous	-1.30103156593091	-1.36661186123502	-1.2354512706268	242
overall_health_rating	1.50559300556264	0.0342455451146766	43.96463833532	0	merged_pack_years_20161	PYOS	15	t.value	linear regression	Overall health rating	continuous	continuous	1.50559300556264	1.43847173713787	1.5727142739874	243
quali.edu.6138.recoded.z.score	-0.686488265757263	0.024292564632022	-28.2591927264999	2.72795703092777e-175	merged_pack_years_20161	PYOS	15	t.value	linear regression	Educational attainment	continuous	continuous	-0.686488265757263	-0.734101692436026	-0.6388748390785	244
TDI	0.266729621439997	0.00872549928863481	30.5689809392821	1.0996329952794e-204	merged_pack_years_20161	PYOS	15	t.value	linear regression	TDI	continuous	continuous	0.266729621439997	0.249627642834273	0.283831600045721	245
PC1	-0.0227466996148399	0.0154865823094631	-1.46880048549772	0.141888709918023	merged_pack_years_20161	PYOS	15	t.value	linear regression	PC1	continuous	continuous	-0.0227466996148399	-0.0531004009413876	0.00760700171170785	246
PC2	0.0187908847992515	0.0161011484764263	1.16705245136788	0.243190778516185	merged_pack_years_20161	PYOS	15	t.value	linear regression	PC2	continuous	continuous	0.0187908847992515	-0.012767366214544	0.050349135813047	247
PC3	0.00106844263342056	0.0154479605080855	0.0691639930631186	0.944859162846425	merged_pack_years_20161	PYOS	15	t.value	linear regression	PC3	continuous	continuous	0.00106844263342056	-0.0292095599624271	0.0313464452292682	248
PC4	0.0231982116807795	0.0104217873603177	2.22593408200877	0.026019865679359	merged_pack_years_20161	PYOS	15	t.value	linear regression	PC4	continuous	continuous	0.0231982116807795	0.00277150845455667	0.0436249149070022	249
PC5	0.0297087125653381	0.00449470764936019	6.60970965921822	3.86173512268755e-11	merged_pack_years_20161	PYOS	15	t.value	linear regression	PC5	continuous	continuous	0.0297087125653381	0.0208990855725921	0.0385183395580841	250
PC6	-0.0229398992959413	0.0143054669852175	-1.60357570428468	0.108809414406057	merged_pack_years_20161	PYOS	15	t.value	linear regression	PC6	continuous	continuous	-0.0229398992959413	-0.0509786145869676	0.00509881599508495	251
PC7	-0.0174564251024492	0.0114101025787367	-1.52990956759496	0.126040922388964	merged_pack_years_20161	PYOS	15	t.value	linear regression	PC7	continuous	continuous	-0.0174564251024492	-0.0398202261567732	0.0049073759518748	252
PC8	0.0262684946601706	0.0114017189993934	2.30390651283093	0.0212290577958283	merged_pack_years_20161	PYOS	15	t.value	linear regression	PC8	continuous	continuous	0.0262684946601706	0.0039211254213595	0.0486158638989817	253
PC9	0.00890126170913311	0.00526675760052648	1.69008380189043	0.0910137044730057	merged_pack_years_20161	PYOS	15	t.value	linear regression	PC9	continuous	continuous	0.00890126170913311	-0.00142158318789879	0.019224106606165	254
PC10	0.0242079422487275	0.0115388867063082	2.09794435675439	0.0359114913023971	merged_pack_years_20161	PYOS	15	t.value	linear regression	PC10	continuous	continuous	0.0242079422487275	0.00159172430436341	0.0468241601930915	255
Intercept	0.48710106281936	0.0165634030003985	29.4082721290812	5.84096521745114e-189	X20116_recodeFinal_0_1	SC	16	t.value	linear regression	NA	NA	continuous	NA	NA	NA	256
caffeine.per.day	0.000341710708356727	8.75961937771839e-06	39.0097667058374	0	X20116_recodeFinal_0_1	SC	16	t.value	linear regression	caffeine	continuous	continuous	0.000341710708356727	0.000324541854376399	0.000358879562337055	257
age	-0.00817677736168078	0.000184528648725826	-44.3116958702164	0	X20116_recodeFinal_0_1	SC	16	t.value	linear regression	Age	continuous	continuous	-0.00817677736168078	-0.0085384535131834	-0.00781510121017816	258
inferred.sex	-0.0198331074984416	0.00290192299927442	-6.83447062634001	8.29671691937555e-12	X20116_recodeFinal_0_1	SC	16	t.value	linear regression	Sex	binary	continuous	-0.0137472625442871	-0.0176897236447794	-0.00980480144379478	259
overall_health_rating	0.0482188377884533	0.00207041791456007	23.2894226085264	1.58977365344571e-119	X20116_recodeFinal_0_1	SC	16	t.value	linear regression	Overall health rating	continuous	continuous	0.0482188377884533	0.0441608186759156	0.052276856900991	260
quali.edu.6138.recoded.z.score	-0.0195770197871767	0.00143008868632363	-13.6893746341732	1.33062030532578e-42	X20116_recodeFinal_0_1	SC	16	t.value	linear regression	Educational attainment	continuous	continuous	-0.0195770197871767	-0.0223799936123711	-0.0167740459619824	261
TDI	0.015756221535312	0.0004983289355241	31.6181148877918	6.74948211269179e-218	X20116_recodeFinal_0_1	SC	16	t.value	linear regression	TDI	continuous	continuous	0.015756221535312	0.0147794968216847	0.0167329462489392	262
PC1	0.000529752349239025	0.000927353589192121	0.571251737646831	0.567830812458655	X20116_recodeFinal_0_1	SC	16	t.value	linear regression	PC1	continuous	continuous	0.000529752349239025	-0.00128786068557753	0.00234736538405558	263
PC2	0.00191665428174643	0.000962142048190035	1.99206997069924	0.0463671886035584	X20116_recodeFinal_0_1	SC	16	t.value	linear regression	PC2	continuous	continuous	0.00191665428174643	3.0855867293961e-05	0.0038024526961989	264
PC3	-0.00171022100087794	0.000921727773882884	-1.85545130496984	0.0635359310463426	X20116_recodeFinal_0_1	SC	16	t.value	linear regression	PC3	continuous	continuous	-0.00171022100087794	-0.0035168074376884	9.63654359325099e-05	265
PC4	0.000261018635530877	0.000613367285844478	0.425550304939248	0.670436842808121	X20116_recodeFinal_0_1	SC	16	t.value	linear regression	PC4	continuous	continuous	0.000261018635530877	-0.0009411812447243	0.00146321851578605	266
PC5	0.00143329762116538	0.000267258457271133	5.36296450933751	8.21211824509865e-08	X20116_recodeFinal_0_1	SC	16	t.value	linear regression	PC5	continuous	continuous	0.00143329762116538	0.000909471044913962	0.0019571241974168	267
PC6	0.000989379773702369	0.0008560337187293	1.1557719655845	0.247778316015897	X20116_recodeFinal_0_1	SC	16	t.value	linear regression	PC6	continuous	continuous	0.000989379773702369	-0.000688446315007059	0.0026672058624118	268
PC7	-0.000116276156261813	0.000670155778535216	-0.173506160785425	0.862254078302051	X20116_recodeFinal_0_1	SC	16	t.value	linear regression	PC7	continuous	continuous	-0.000116276156261813	-0.00142978148219084	0.00119722916966721	269
PC8	0.00095283703460791	0.000672608996445691	1.41662844184815	0.156595957698621	X20116_recodeFinal_0_1	SC	16	t.value	linear regression	PC8	continuous	continuous	0.00095283703460791	-0.000365476598425644	0.00227115066764146	270
PC9	0.00052958617402285	0.000319716000905164	1.65642686798131	0.0976398042583503	X20116_recodeFinal_0_1	SC	16	t.value	linear regression	PC9	continuous	continuous	0.00052958617402285	-9.70571877512713e-05	0.00115622953579697	271
PC10	0.000639990440443423	0.000692610146520084	0.924026948867207	0.35547541235788	X20116_recodeFinal_0_1	SC	16	t.value	linear regression	PC10	continuous	continuous	0.000639990440443423	-0.000717525446735942	0.00199750632762279	272
Intercept	0.468982014670728	0.0209505713559242	22.3851658603151	2.38722956369875e-110	X20116_recodeFinal_0_1	SC	17	t.value	linear regression	NA	NA	continuous	NA	NA	NA	273
X20453_0_0_recoded	0.0405958941601434	0.00397077191059391	10.2236781850488	1.65816130788196e-24	X20116_recodeFinal_0_1	SC	17	t.value	linear regression	CI	binary	continuous	0.0281389295794133	0.0227443640446427	0.0335334951141839	274
age	-0.00673482344709033	0.000247400243065619	-27.2223800738305	8.64592554989273e-162	X20116_recodeFinal_0_1	SC	17	t.value	linear regression	Age	continuous	continuous	-0.00673482344709033	-0.00721972792349894	-0.00624991897068172	275
inferred.sex	-0.0334982256673458	0.00352239422589025	-9.51007284225247	2.00107681984461e-21	X20116_recodeFinal_0_1	SC	17	t.value	linear regression	Sex	binary	continuous	-0.0232192006750815	-0.0280046144230146	-0.0184337869271485	276
overall_health_rating	0.039919666667187	0.00253642970226504	15.738526729733	1.1825700811156e-55	X20116_recodeFinal_0_1	SC	17	t.value	linear regression	Overall health rating	continuous	continuous	0.039919666667187	0.0349482644507475	0.0448910688836265	277
quali.edu.6138.recoded.z.score	-0.0152100915067727	0.0018824060362833	-8.08013319846985	6.63857665673471e-16	X20116_recodeFinal_0_1	SC	17	t.value	linear regression	Educational attainment	continuous	continuous	-0.0152100915067727	-0.018899607337888	-0.0115205756756575	278
TDI	0.0105976904823947	0.000614475998220785	17.2467118538077	1.99426073870885e-66	X20116_recodeFinal_0_1	SC	17	t.value	linear regression	TDI	continuous	continuous	0.0105976904823947	0.00939331752588199	0.0118020634389075	279
PC1	-0.000848792297582338	0.00111953164237595	-0.758167313414178	0.4483550257998	X20116_recodeFinal_0_1	SC	17	t.value	linear regression	PC1	continuous	continuous	-0.000848792297582338	-0.00304307431663921	0.00134548972147453	280
PC2	-0.000632545854376206	0.00116948007991247	-0.540877835579338	0.588594620536563	X20116_recodeFinal_0_1	SC	17	t.value	linear regression	PC2	continuous	continuous	-0.000632545854376206	-0.00292472681100464	0.00165963510225223	281
PC3	-0.00126735070990264	0.00111439290302355	-1.13725662328258	0.255437426835919	X20116_recodeFinal_0_1	SC	17	t.value	linear regression	PC3	continuous	continuous	-0.00126735070990264	-0.0034515607998288	0.000916859380023524	282
PC4	0.000509973736190153	0.000725559174624406	0.702869943659864	0.482140649253831	X20116_recodeFinal_0_1	SC	17	t.value	linear regression	PC4	continuous	continuous	0.000509973736190153	-0.000912122246073682	0.00193206971845399	283
PC5	0.000646317379153477	0.0003207104509288	2.01526759505871	0.0438828947452333	X20116_recodeFinal_0_1	SC	17	t.value	linear regression	PC5	continuous	continuous	0.000646317379153477	1.77248953330296e-05	0.00127490986297393	284
PC6	0.000823258894304974	0.00103671208547834	0.794105620872663	0.427138374603608	X20116_recodeFinal_0_1	SC	17	t.value	linear regression	PC6	continuous	continuous	0.000823258894304974	-0.00120869679323258	0.00285521458184253	285
PC7	0.00150612411421983	0.000807096202137906	1.86610234347563	0.0620339231865068	X20116_recodeFinal_0_1	SC	17	t.value	linear regression	PC7	continuous	continuous	0.00150612411421983	-7.57844419704673e-05	0.00308803267041012	286
PC8	0.00136458763486716	0.000820169452112169	1.66378744215962	0.0961622787977052	X20116_recodeFinal_0_1	SC	17	t.value	linear regression	PC8	continuous	continuous	0.00136458763486716	-0.000242944491272689	0.00297211976100701	287
PC9	0.000159948140011635	0.000391352283283768	0.408706290581821	0.682757273797325	X20116_recodeFinal_0_1	SC	17	t.value	linear regression	PC9	continuous	continuous	0.000159948140011635	-0.000607102335224551	0.000926998615247821	288
PC10	-0.000469248253899229	0.000841102241368254	-0.557896805905409	0.576917788120976	X20116_recodeFinal_0_1	SC	17	t.value	linear regression	PC10	continuous	continuous	-0.000469248253899229	-0.00211780864698101	0.00117931213918255	289
Intercept	0.584302869298691	0.012922050122209	45.2175052544066	0	X20116_recodeFinal_0_1	SC	18	t.value	linear regression	NA	NA	continuous	NA	NA	NA	290
complete_alcohol_unitsweekly	0.00131212898403126	6.58247535416213e-05	19.933671049776	2.88890220143098e-88	X20116_recodeFinal_0_1	SC	18	t.value	linear regression	ESDPW	continuous	continuous	0.00131212898403126	0.00118311246708968	0.00144114550097284	291
age	-0.00877766759326791	0.000145055297046633	-60.5125615677862	0	X20116_recodeFinal_0_1	SC	18	t.value	linear regression	Age	continuous	continuous	-0.00877766759326791	-0.00906197597547932	-0.00849335921105651	292
inferred.sex	-0.0163669921017551	0.00242689786427396	-6.74399707655252	1.5478168496448e-11	X20116_recodeFinal_0_1	SC	18	t.value	linear regression	Sex	binary	continuous	-0.0113447344295785	-0.0146418413573502	-0.00804762750180671	293
overall_health_rating	0.0564339814620651	0.00160292576938052	35.206858945112	3.78629992004692e-270	X20116_recodeFinal_0_1	SC	18	t.value	linear regression	Overall health rating	continuous	continuous	0.0564339814620651	0.0532922469540793	0.0595757159700509	294
quali.edu.6138.recoded.z.score	-0.0255967563013368	0.00113262501219555	-22.5994976499049	7.55027739061888e-113	X20116_recodeFinal_0_1	SC	18	t.value	linear regression	Educational attainment	continuous	continuous	-0.0255967563013368	-0.0278167013252401	-0.0233768112774335	295
TDI	0.0171236483749826	0.000387144061731974	44.2306884377256	0	X20116_recodeFinal_0_1	SC	18	t.value	linear regression	TDI	continuous	continuous	0.0171236483749826	0.0163648460139879	0.0178824507359773	296
PC1	-0.000416313720538854	0.000736357070793415	-0.565369352792772	0.571823622062869	X20116_recodeFinal_0_1	SC	18	t.value	linear regression	PC1	continuous	continuous	-0.000416313720538854	-0.00185957357929395	0.00102694613821624	297
PC2	1.23141287739639e-05	0.000766984671312525	0.0160552475617159	0.987190342859843	X20116_recodeFinal_0_1	SC	18	t.value	linear regression	PC2	continuous	continuous	1.23141287739639e-05	-0.00149097582699859	0.00151560408454651	298
PC3	-0.00141627482856814	0.000734731504425743	-1.92760868431127	0.0539061741069241	X20116_recodeFinal_0_1	SC	18	t.value	linear regression	PC3	continuous	continuous	-0.00141627482856814	-0.0028563485772426	2.37989201063121e-05	299
PC4	0.000442752516645164	0.000486642396512322	0.909810817590681	0.362924115180419	X20116_recodeFinal_0_1	SC	18	t.value	linear regression	PC4	continuous	continuous	0.000442752516645164	-0.000511066580518987	0.00139657161380932	300
PC5	0.0010309867382159	0.000209645791264933	4.91775547696554	8.76575316167276e-07	X20116_recodeFinal_0_1	SC	18	t.value	linear regression	PC5	continuous	continuous	0.0010309867382159	0.00062008098733663	0.00144189248909517	301
PC6	0.000853013127515205	0.000680699004870033	1.2531429037098	0.210156145119732	X20116_recodeFinal_0_1	SC	18	t.value	linear regression	PC6	continuous	continuous	0.000853013127515205	-0.000481156922030059	0.00218718317706047	302
PC7	0.000156008144338921	0.000534022074708493	0.292138006512336	0.770181613330274	X20116_recodeFinal_0_1	SC	18	t.value	linear regression	PC7	continuous	continuous	0.000156008144338921	-0.000890675122089726	0.00120269141076757	303
PC8	0.0010489612331647	0.000536121689060497	1.95657302170129	0.0504000042090515	X20116_recodeFinal_0_1	SC	18	t.value	linear regression	PC8	continuous	continuous	0.0010489612331647	-1.83727739387586e-06	0.00209975974372327	304
PC9	0.000205611781547998	0.000254252298480585	0.8086919283591	0.418693974688112	X20116_recodeFinal_0_1	SC	18	t.value	linear regression	PC9	continuous	continuous	0.000205611781547998	-0.000292722723473949	0.000703946286569944	305
PC10	4.57368110383158e-05	0.000550395169553592	0.0830981330657597	0.933773648854069	X20116_recodeFinal_0_1	SC	18	t.value	linear regression	PC10	continuous	continuous	4.57368110383158e-05	-0.00103303772128673	0.00112451134336336	306
Intercept	-0.57723221951959	0.058565278217109	-9.85621919833994	6.44299294753512e-23	X20160_recode	SI	19	z.value	logistic regression	NA	NA	binary	NA	NA	NA	307
caffeine.per.day	0.000744735448741106	3.53353440519185e-05	21.0762189734692	1.31476854480256e-98	X20160_recode	SI	19	z.value	logistic regression	caffeine	continuous	binary	1.00074501283304	1.00067570636116	1.00081432410507	308
age	0.0142250937210718	0.000653425027723291	21.7700472395982	4.46170500566583e-105	X20160_recode	SI	19	z.value	logistic regression	Age	continuous	binary	1.01432675182683	1.01302852182191	1.01562664555702	309
inferred.sex	-0.330636146881503	0.0103707019757381	-31.8817518481407	4.78085172691735e-223	X20160_recode	SI	19	z.value	logistic regression	Sex	binary	binary	0.795185774506306	0.784060712859255	0.806468689996332	310
overall_health_rating	0.170624219709317	0.00764989820498892	22.3041163604038	3.37027438883495e-110	X20160_recode	SI	19	z.value	logistic regression	Overall health rating	continuous	binary	1.18604497294533	1.16839430721398	1.20396228324935	311
quali.edu.6138.recoded.z.score	-0.0263982909527839	0.00531205477367013	-4.96950654267166	6.7123505973769e-07	X20160_recode	SI	19	z.value	logistic regression	Educational attainment	continuous	binary	0.973947098029475	0.963859329948684	0.984140444861947	312
TDI	0.05576788005111	0.00193166863465729	28.8703140127366	2.81723246631725e-183	X20160_recode	SI	19	z.value	logistic regression	TDI	continuous	binary	1.05735222270562	1.05335658128483	1.06136302058021	313
PC1	0.00458086137759187	0.00333662311801407	1.37290344625987	0.169782365089284	X20160_recode	SI	19	z.value	logistic regression	PC1	continuous	binary	1.00459136956246	0.998042997497702	1.01118270688703	314
PC2	0.000996915371392661	0.00346191357626548	0.287966568035496	0.773372330004857	X20160_recode	SI	19	z.value	logistic regression	PC2	continuous	binary	1.00099741245669	0.994228285475353	1.0078126265196	315
PC3	0.00569186494069807	0.00331707895176949	1.71592688128866	0.0861754259894914	X20160_recode	SI	19	z.value	logistic regression	PC3	continuous	binary	1.00570809438127	0.99919071784082	1.01226798152175	316
PC4	-0.00816517749738385	0.00224654049835482	-3.63455611121337	0.000278459650898952	X20160_recode	SI	19	z.value	logistic regression	PC4	continuous	binary	0.991868067020402	0.987510255569296	0.99624510917877	317
PC5	0.00279406011426158	0.00098163128126575	2.84634380299986	0.00442244192652343	X20160_recode	SI	19	z.value	logistic regression	PC5	continuous	binary	1.0027979671382	1.00087044141742	1.00472920498319	318
PC6	0.00480243151623716	0.00308161531160298	1.55841369886595	0.119135211344622	X20160_recode	SI	19	z.value	logistic regression	PC6	continuous	binary	1.00481398167268	0.998763230935527	1.01090138933046	319
PC7	-0.000764051411067025	0.0024544476341824	-0.311292610372411	0.755578184485657	X20160_recode	SI	19	z.value	logistic regression	PC7	continuous	binary	0.999236240401888	0.994440741414089	1.00405486476014	320
PC8	0.00752494102370533	0.00245482565791996	3.06536678049936	0.00217403205525387	X20160_recode	SI	19	z.value	logistic regression	PC8	continuous	binary	1.00755332454251	1.00271716756061	1.01241280656074	321
PC9	-0.0030525356718838	0.00113406026282117	-2.69168735732798	0.00710915545391842	X20160_recode	SI	19	z.value	logistic regression	PC9	continuous	binary	0.996952118578171	0.994738596140041	0.999170566613441	322
PC10	-0.00256673424832905	0.00248478037667075	-1.03298234018095	0.301612163124898	X20160_recode	SI	19	z.value	logistic regression	PC10	continuous	binary	0.997436556997502	0.992590681556821	1.00230609023512	323
Intercept	-2.31752253415659	0.0783009544309468	-29.5976281642953	1.60306514185719e-192	X20160_recode	SI	20	z.value	logistic regression	NA	NA	binary	NA	NA	NA	324
X20453_0_0_recoded	1.95406552209607	0.0208686061131286	93.6366095321888	0	X20160_recode	SI	20	z.value	logistic regression	CI	binary	binary	3.87464872572452	3.76633950768376	3.98607260899624	325
age	0.0405614427303861	0.000918048416686396	44.1822479001583	0	X20160_recode	SI	20	z.value	logistic regression	Age	continuous	binary	1.04139529390708	1.03952311823577	1.04327084135694	326
inferred.sex	-0.17715969382037	0.0137471174723988	-12.887042987453	5.32465557456243e-38	X20160_recode	SI	20	z.value	logistic regression	Sex	binary	binary	0.884442529800719	0.868077621450834	0.901115947687865	327
overall_health_rating	0.151351381404218	0.0101325097794525	14.9372055589959	1.88724949321618e-50	X20160_recode	SI	20	z.value	logistic regression	Overall health rating	continuous	binary	1.163405385286	1.14052839822667	1.18674124433636	328
quali.edu.6138.recoded.z.score	-0.167054075667516	0.00755467813894478	-22.1126661646038	2.38741430653363e-108	X20160_recode	SI	20	z.value	logistic regression	Educational attainment	continuous	binary	0.84615385376555	0.833717014944934	0.858776217119164	329
TDI	0.0210129820009421	0.00257530615513751	8.15941124476523	3.36661555867523e-16	X20160_recode	SI	20	z.value	logistic regression	TDI	continuous	binary	1.02123530922922	1.01609350960798	1.02640312821098	330
PC1	0.00424823408546568	0.00439236822869048	0.967185323333476	0.333451397779029	X20160_recode	SI	20	z.value	logistic regression	PC1	continuous	binary	1.0042572706238	0.995648686872615	1.01294028596434	331
PC2	0.00117484891254503	0.00457224179242261	0.256952489803154	0.797215449513092	X20160_recode	SI	20	z.value	logistic regression	PC2	continuous	binary	1.00117553931788	0.992243493161727	1.01018799058536	332
PC3	-0.00133196726471725	0.00436732588917326	-0.30498462869905	0.760377859480456	X20160_recode	SI	20	z.value	logistic regression	PC3	continuous	binary	0.998668919409962	0.990156838169572	1.00725417645872	333
PC4	-0.00890099237410395	0.00292951217812114	-3.0383872238458	0.002378481117071	X20160_recode	SI	20	z.value	logistic regression	PC4	continuous	binary	0.991138504185455	0.98546384872511	0.996845836353967	334
PC5	0.0031442149226814	0.00129388930603567	2.43004939295381	0.0150967653022493	X20160_recode	SI	20	z.value	logistic regression	PC5	continuous	binary	1.00314916315116	1.00060837686904	1.00569640110317	335
PC6	0.00235238533393737	0.00405664123362364	0.579884983281126	0.561992183045723	X20160_recode	SI	20	z.value	logistic regression	PC6	continuous	binary	1.00235515436317	0.994417011646293	1.01035666497204	336
PC7	-0.00112993275271106	0.00322604191279062	-0.350253587292556	0.726148393728926	X20160_recode	SI	20	z.value	logistic regression	PC7	continuous	binary	0.99887070538093	0.992574729645837	1.00520661696092	337
PC8	0.00823987270313527	0.00323611143491662	2.54622650327477	0.0108894505229167	X20160_recode	SI	20	z.value	logistic regression	PC8	continuous	binary	1.00827391388832	1.00189889491254	1.01468949670458	338
PC9	-0.00149788194737959	0.0015072947635591	-0.993755158972833	0.320342081601067	X20160_recode	SI	20	z.value	logistic regression	PC9	continuous	binary	0.998503239317874	0.995557716575924	1.00145747687774	339
PC10	0.00369908203812075	0.00328379525625188	1.12646549174411	0.25996853918442	X20160_recode	SI	20	z.value	logistic regression	PC10	continuous	binary	1.00370593208577	0.997266585933698	1.01018685706888	340
Intercept	-1.15103870626473	0.0443157364624557	-25.973588574792	9.84711710717269e-149	X20160_recode	SI	21	z.value	logistic regression	NA	NA	binary	NA	NA	NA	341
complete_alcohol_unitsweekly	0.0265503660553812	0.000309076219720035	85.9023255798548	0	X20160_recode	SI	21	z.value	logistic regression	ESDPW	continuous	binary	1.02690596716202	1.02628406681125	1.02752824436756	342
age	0.0174216010896353	0.0004999491153688	34.8467485071633	4.76892520654347e-266	X20160_recode	SI	21	z.value	logistic regression	Age	continuous	binary	1.01757424231166	1.01657760942099	1.01857185228182	343
inferred.sex	-0.079587967812198	0.00838347937527451	-9.49342918966649	2.2355634342968e-21	X20160_recode	SI	21	z.value	logistic regression	Sex	binary	binary	0.946327878382556	0.935610795011123	0.957167722069072	344
overall_health_rating	0.193300093299436	0.00577090166920218	33.4956484063883	5.57674675961617e-246	X20160_recode	SI	21	z.value	logistic regression	Overall health rating	continuous	binary	1.2132468261376	1.1996011493794	1.22704772489962	345
quali.edu.6138.recoded.z.score	-0.0438794352880348	0.00408421443262294	-10.7436658902003	6.34729010741795e-27	X20160_recode	SI	21	z.value	logistic regression	Educational attainment	continuous	binary	0.957069339306642	0.949438524859735	0.964761484032023	346
TDI	0.0576530963242725	0.00145433892084646	39.6421325853791	0	X20160_recode	SI	21	z.value	logistic regression	TDI	continuous	binary	1.05934744043988	1.05633206573276	1.06237142274768	347
PC1	0.00367679138248555	0.0025762328412304	1.42719684480441	0.153523163712434	X20160_recode	SI	21	z.value	logistic regression	PC1	continuous	binary	1.00368355907184	0.998628316632471	1.0087643920895	348
PC2	-0.000328100216205629	0.00267933083811	-0.122456029520069	0.902537867203796	X20160_recode	SI	21	z.value	logistic regression	PC2	continuous	binary	0.999671953602784	0.994435948335789	1.0049355280171	349
PC3	0.00433541906405169	0.00256955191329482	1.68722766083078	0.0915595845663922	X20160_recode	SI	21	z.value	logistic regression	PC3	continuous	binary	1.00434483058934	0.999299342888903	1.009415793085	350
PC4	-0.0114125417766659	0.00173083628228815	-6.59365758243678	4.29120812746372e-11	X20160_recode	SI	21	z.value	logistic regression	PC4	continuous	binary	0.9886523342436	0.985304073991153	0.99201197255386	351
PC5	0.00123031807567235	0.000749074150355171	1.64245165193459	0.100496438028242	X20160_recode	SI	21	z.value	logistic regression	PC5	continuous	binary	1.00123107522744	0.99976216102915	1.00270214764795	352
PC6	0.00543276536481461	0.0023830662224758	2.27973747165551	0.0226232634759166	X20160_recode	SI	21	z.value	logistic regression	PC6	continuous	binary	1.00544754959553	1.00076224593065	1.01015478861071	353
PC7	-0.000887788450934133	0.00189751451595696	-0.467869122195569	0.639878186054993	X20160_recode	SI	21	z.value	logistic regression	PC7	continuous	binary	0.999112605516637	0.995403678662256	1.00283535202902	354
PC8	0.00679599887376756	0.0018989009094239	3.57891180105306	0.000345027875534127	X20160_recode	SI	21	z.value	logistic regression	PC8	continuous	binary	1.006819144076	1.00307888314564	1.01057335161819	355
PC9	-0.00400234684202586	0.000877664937261919	-4.56022187067437	5.10996016801079e-06	X20160_recode	SI	21	z.value	logistic regression	PC9	continuous	binary	0.996005651873327	0.994293772596352	0.997720478499203	356
PC10	-0.00475905378048941	0.00192497425935503	-2.47226878871822	0.0134258528986175	X20160_recode	SI	21	z.value	logistic regression	PC10	continuous	binary	0.995252252572994	0.991504290917352	0.999014381808849	357
