target.phenotype	p.value.threshold	Freq_ai_allSexes	Freq_cpd_allSexes	Freq_dpw_allSexes	Freq_sc_allSexes	Freq_si_allSexes	Freq_ai_females	Freq_cpd_females	Freq_dpw_females	Freq_sc_females	Freq_si_females	Freq_ai_males	Freq_cpd_males	Freq_dpw_males	Freq_sc_males	Freq_si_males
everDrug1	S1	-0.0299202007648138	-0.0376309336968683	0.0169255317430648	-0.0178281376336296	0.041602900902742	-0.0379528769356914	-0.0457276063096141	0.0447842763444239	-0.0335516028407747	0.0367110522328109	-0.0302634392149149	-0.0241150505537829	-0.0139693682687182	-0.00210027503921763	0.0576220528522357
everDrug2	S1	-0.00977774034700798	-0.0132907246984385	0.0296149099350506	-0.00542131320236377	0.0423389972250833	-0.0131188849760188	-0.0180540940503204	0.0546011953659252	-0.0335410648396861	0.030455915615742	-0.0111314479828733	-0.00444216734460884	-0.00236857752525133	0.0286962305891265	0.0610060509101917
everDrug3	S1	0.00536853708437543	-0.0271787753748415	-0.00890493039963951	0.0292087076441083	0.0341891025662783	0.00983985645303036	-0.0123877228982089	0.00259114383141229	0.00604239639513013	0.0211835461881778	-0.00207904390432672	-0.0365267670604219	-0.0209864408514033	0.0516470901541824	0.0529351088680426
everDrug4	S1	0.0203533602485749	0.000595925418973015	0.0252599977091353	0.00572069852197507	0.0709995931892979	0.0430887423174034	0.0210709599674254	0.0221038505529731	0.000261091711805875	0.0963514360468871	-0.0100986952023447	-0.023308146478769	0.0283074009465235	0.0137304182940688	0.0416971848789056
everDrug5	S1	-0.00892475812254683	-0.00585595481080277	0.0462797497065914	0.0159265828168877	0.00114586988454102	0.010685054351348	-0.00688125044318094	0.0135840983545936	0.0161231535470862	-0.0201722573768838	-0.0389246199929615	0.00164667184015206	0.0809350493264457	0.0158486542308046	0.0311784890304664
everDrug6	S1	0.0217784521028903	-0.00495096511758743	0.0237599411649654	-0.00784592764184474	0.031994990749911	0.0159146100577608	-0.024360234888846	0.0475459131947674	-0.00943087949911918	0.0340750709652581	0.0278389782100772	0.0199986707334924	-0.00798767841410251	-0.00474544780112893	0.0301159038474113
everDrug7	S1	-0.000591480892655711	-0.0249322512584599	0.024317716481913	0.037852614993441	0.0203120722287326	0.00558929668158435	-0.0413917398156365	0.0331830310566259	0.0310893231490725	0.00302905230229889	-0.0154029103057135	-0.000330419090032311	0.012505978430436	0.0463700979482533	0.0509997996970725
everDrug8	S1	0.000725133489826181	0.0319846726737842	-0.0237005470347221	-0.00702415419592312	0.0495245186608395	-0.00921203213138387	0.02441250821558	-0.0450900714173557	-0.00988883393096312	0.0433905430293358	0.0155374285259126	0.042199952641606	0.00417662626041636	-0.00320082338177694	0.0576006696315342
everDrug9	S1	-0.00238154849530896	0.0168133894580321	-0.00355141514830493	0.0158592499702634	0.0228727477182446	-0.00956320147311659	0.0036956407552654	0.0267357955628531	0.00442678205560219	0.000457731045867816	0.0010657122001675	0.0367351443440064	-0.0409734373339982	0.0291032739008736	0.0531530008713774
everDrug1	S2	0.00248132637659059	-0.0339617911987101	0.0187743627271617	-0.03000240696751	0.0326968009168327	-0.0100077536168651	-0.0334699362280359	0.0437958873885031	-0.00894052287371666	0.0225272994051084	0.009730708282554	-0.0253769069203226	-0.00271426615609567	-0.0585536293341019	0.0509994071789765
everDrug2	S2	-0.0152568563218693	-0.00890091824838742	0.033847587711232	-0.0131791884675346	0.05548480502858	-0.0171966838762451	-0.0165995582181286	0.0518018495623562	-0.0216955347821247	0.0342019786661523	-0.0159336717943313	0.00522301659979787	0.0144413803815068	-0.00330993523821928	0.085403256763978
everDrug3	S2	0.0340240314230878	-0.0121364621193824	0.021023546754808	0.0162840660355753	0.0261467068334008	0.032965407195313	-0.00615599466345273	0.0442766398876511	0.0296007075181041	0.000941250469811025	0.0307376440833423	-0.012929270331458	0.00123902588591661	0.00245005145096736	0.0547131403942224
everDrug4	S2	0.0115305070295812	0.00280790398530659	0.0239474760231027	-0.00368229928430311	0.0525704596190566	0.0184141366466299	0.0215013295231997	0.0404806855964046	0.0124922331533036	0.0611499627024128	-0.000145268905492085	-0.0184541594338593	0.00321595281346365	-0.0244252143198963	0.0432149899918189
everDrug5	S2	0.0217669407898075	-0.00259449160235511	0.0391458140954492	-0.00674402692734383	0.0202164838330478	0.0144761118787875	-0.00897429689726875	0.0259576041982743	0.0171011817649986	0.0195510323675302	0.0248309079348869	0.0147523737747713	0.060904294411736	-0.0353605859811284	0.0272625654226704
everDrug6	S2	0.0139435624952075	0.00778935272138882	0.0230410295547991	-0.0225456575179884	0.0295540043640734	0.00173387046075581	-0.0161641463630282	0.0523473964735124	-0.024945362553157	0.0553461729398514	0.0283989953955457	0.0391867801372001	-0.01327103984231	-0.0211555577287607	-0.0019011261035913
everDrug7	S2	0.0139174510105416	-0.0185426726065728	0.0466563843946216	0.0145737715365217	0.0458141900170015	-0.00510228060359995	-0.025249687949832	0.0590016592127655	0.032359201279479	0.0290229165850224	0.0326384888678035	-0.00160983239739985	0.0358965724236114	-0.00957446944605256	0.0733607107544753
everDrug8	S2	0.0135151462482696	0.0381529170051326	-0.00422002514379179	0.00995989664498801	0.0650474030468168	0.0070537834828082	0.0280145984820418	-0.0401268514616203	-0.00498577668620093	0.0619073474549653	0.0227640261442715	0.0521182567014335	0.0462587232913089	0.0298680629956675	0.0691264532057631
everDrug9	S2	0.0290280905555932	0.0148813509252823	0.00947297440014969	0.0111142092471143	0.023478112925309	0.0174644367869729	-0.00355739960447844	0.0263855830433961	0.0150928371948001	0.0170404964876873	0.0383017884593896	0.0419998563879916	-0.00787742850202779	0.00552500499826299	0.0347068481947003
everDrug1	S3	-0.0180479160131232	-0.0471762374350754	0.0445028139092689	-0.0172317123282165	0.0673632279141674	-0.0176951935046194	-0.0428441071787866	0.041019396046252	-0.0432749417761152	0.0582274366978315	-0.0217734099984981	-0.0348831877805577	0.0546240740919148	0.00232893339151575	0.0918870083561667
everDrug2	S3	-0.0419799636242982	-0.00478303246902348	0.0456940392652072	-0.0208059877120194	0.0735406507825535	-0.0236349118264951	0.00682100187776719	0.0591025906806436	-0.0370472522489428	0.0623510512875081	-0.0669968958665395	-0.0097953244539398	0.0324312868102985	-0.00516228348104002	0.0942051664489622
everDrug3	S3	-0.0112873111406882	-0.0227649748220314	0.00704601847656394	-0.0145024846171267	0.0215455288441085	-0.00563668379057664	-0.00830896959053856	0.0246131586804366	-0.0176457414090734	0.0180893192357499	-0.0185503865273008	-0.0244305090491622	-0.00680414177529674	-0.0182983812763639	0.0333906957491414
everDrug4	S3	-0.0348718464398053	0.00310957957689733	0.0210643849028401	-0.00667770611392567	0.0429818156562954	-0.0118696285432516	0.0221583614588778	0.0416570310545868	0.0149625605345135	0.0410200821154892	-0.0653709998542345	-0.0183038799591857	-0.00442819646522171	-0.0368782606074233	0.0489606247184129
everDrug5	S3	-0.0469219487939192	-0.0281265638043397	0.0478861675948362	-0.0213632710844697	0.0418834241833398	-0.0192388273217957	-0.00993002563964558	0.0230426293336825	-0.0438074374625494	0.0639542075610534	-0.0802447870303234	-0.0276866395685104	0.079631232690855	-0.00656412914651828	0.0328567371643248
everDrug6	S3	-0.018894527078546	-0.000162824377033893	0.00665372158486534	0.00147369859927606	0.0226601857818396	-0.0205655087052155	-0.00853597684573103	0.041647306489439	0.00665152227999001	0.0558194373670125	-0.0171101348212181	0.0131752459346847	-0.0345002804620771	-0.0075160798956255	-0.0157542929576935
everDrug7	S3	-0.0162005234764062	-0.0282030458654744	0.0509163426550132	-0.0214143442794814	0.0838685258519285	0.0109100494559244	-0.0302541088129156	0.0621467733968112	-0.0333195732759062	0.0774149255890467	-0.0520294720124657	-0.00889826149615053	0.0426471082069391	-0.0153222222999345	0.103982102388522
everDrug8	S3	-0.0127120501311817	0.0488144736849327	-0.0421868379995502	0.0636541407650282	0.0585840749153903	-0.0152004758140721	0.0799829787082726	-0.077273263471785	0.0685475283864994	0.0827603744628929	-0.00853709805937917	0.0056521151701798	0.0062460822356032	0.0572895376673854	0.0266012392871765
everDrug9	S3	-0.0223196502362275	0.0130519490875182	-0.0112187461166727	0.00898450026966257	0.0219642236497406	-0.00242382397563711	0.0220847535904633	-0.0177562771005018	0.0195902731459708	0.0224779722111046	-0.0473627906904689	0.0132305431480841	-0.000972400721351394	-0.00785778360687995	0.0292800661651364
everDrug1	S4	-0.0317186986111798	-0.0417295668335912	0.0666837571392365	-0.0131641155502066	0.0553265303576826	0.00130658335398994	-0.0106216215626073	0.0356325554754064	-0.048599832187246	0.075953605187868	-0.0807462381565771	-0.0684960482566522	0.112864346577201	0.0377456587617457	0.050042427108628
everDrug2	S4	-0.0596759625932606	-0.00117235178900812	0.0729593595982445	0.00286493468369132	0.0774590737550735	-0.0357687928622008	0.0238492642982535	0.0711139843209638	-0.00330970424490047	0.0817627090031944	-0.0964436022873576	-0.027633399810273	0.0812690913729443	0.01760382053266	0.079169473810016
everDrug3	S4	-0.00908041131210763	-0.0102121166852675	0.0321755288168604	0.00360182708688554	0.0211559009601358	-0.036200276367112	0.0140646620494235	0.0154170334003296	-0.0142485845894035	0.037790665077801	0.00924019256453949	-0.0270905644757185	0.0546711391615922	0.0292886103712373	0.0146163046020897
everDrug4	S4	-0.0439388235700373	-0.00966475897860463	0.0598970002654126	-0.00121969778090584	0.0331499747632232	-0.0354396064664066	0.0131951708171173	0.076976133475199	-0.0108769064349038	0.0492918101597204	-0.0572559793679971	-0.0354355902658126	0.0412263087203333	0.0136152013930198	0.0180233607844316
everDrug5	S4	-0.0398650785401742	-0.0075651264042132	0.0519760697169492	-0.01814400980592	0.0327641716155486	-0.0177733760165488	0.0203665876913793	0.0309942955810151	-0.0260914052266514	0.0762098406646139	-0.0758326097471184	-0.0270279709393753	0.0858570046648724	0.00305423742035809	0.00502122045621648
everDrug6	S4	-0.0393772817865527	-0.0047881405823786	0.0471445564778329	-0.00174967212016614	0.0441502438037799	-0.0119176692856225	-0.0168998573627796	0.0728225523733215	-0.0107043903321356	0.0881821478982375	-0.0779166951709581	0.0115246558399591	0.0198070811367072	0.0113625443496896	-0.00748660509681231
everDrug7	S4	-0.0352446217536376	-0.0292548875850854	0.0874519919186985	-0.00705886641438877	0.0968818248327123	-0.0109669437618053	0.00228487477132836	0.0877765138746361	-0.0142850189000337	0.116130353438715	-0.0769953199309309	-0.0603975262173948	0.0972277225481802	0.0141081244903382	0.0875994657896818
everDrug8	S4	-0.0444435538171461	0.0369432430430023	-0.0236318051321124	0.0648445332357421	0.0474421691554976	-0.0524070495127823	0.0574830658588887	-0.0553574056526992	0.0677930193648213	0.0737062650726479	-0.0333328661368642	0.00816940416173611	0.0203787271732171	0.0606694933080812	0.0114173669613188
everDrug9	S4	-0.0381722469333494	-0.0019073293896789	0.00551766538398248	-0.0160293596451687	0.0273726000917168	-0.0453153707348621	0.0210156905162655	-0.011953230784796	-0.00830059873095594	0.0444705651656067	-0.0350260705417382	-0.0226304167878143	0.0313230899029252	-0.0192515698995533	0.017110323859705
everDrug1	S5	-0.0522898836181046	-0.0174548471739736	0.0701465411333038	-0.0268323815845712	0.0739750649097506	-0.0507849804047192	-0.0114776589747047	0.0422217904850833	-0.0710792608220133	0.0908131748128542	-0.0709012012864357	-0.0101118053435265	0.105911422139195	0.0400407168950849	0.0681784666505348
everDrug2	S5	-0.0739729555408626	0.00894488133220262	0.0499633536381227	0.000338679405713457	0.117963828045588	-0.0660588389451284	0.00889052398132042	0.0500870275675282	-0.005966143804796	0.116005516263493	-0.0935804867672229	0.0174042700217921	0.0519959075664028	0.0202847375744583	0.126974821831187
everDrug3	S5	-0.0253971936623709	0.00651213907218861	0.0344181197596743	-0.00473204533166172	0.0291626049366135	-0.0379637688041415	0.0153737575757804	0.0225791920747283	-0.00800603840755017	0.0223736316293906	-0.0228624763766658	0.00873618203247977	0.0486930147567702	0.0113542366580641	0.0419308738345391
everDrug4	S5	-0.0513516900312389	0.00740451233648492	0.0614025937348533	-0.0132301008184836	0.0386581076628666	-0.0497336578363002	0.00822008361260356	0.073877463224604	-0.0292623499312566	0.0408364571080737	-0.0583580190269603	0.0104092672564827	0.0468767677100365	0.0136202107091406	0.0387767748283172
everDrug5	S5	-0.0451916761845662	0.00744127338400008	0.0511779057753697	-0.0236384970811251	0.065264123439277	-0.0404018562074315	0.0179836364701559	0.0325234621838403	-0.048560596992338	0.0982011677751865	-0.0673421001856208	0.0118785924692664	0.0745784324903096	0.0202924076238907	0.0439593639940461
everDrug6	S5	-0.0211892469270203	0.00607141745907852	0.032065363334861	-0.0110292817507067	0.0550705160085278	-0.000266749277774462	0.00851876723647615	0.0643123899844269	-0.0198599138709145	0.0881649381563337	-0.0518904261029361	0.0059539142702602	-0.0067792093396332	0.00383909573632196	0.0148258360775456
everDrug7	S5	-0.0497802095436437	-0.0141962607536596	0.0857315823676293	-0.0293312541741961	0.116693191181167	-0.0420676398536713	-0.0147879644621532	0.089342244793634	-0.0405724576437987	0.128098636582202	-0.0739216542253611	5.37891454862295e-05	0.0852020067259643	0.00245509029915731	0.113491255261465
everDrug8	S5	-0.0453614973283118	0.0465879368915367	-0.0232629511378479	0.0429170012386599	0.0361091300020127	-0.0597541135785395	0.0564954362126412	-0.0510609650944341	0.0563299955350477	0.0585910161078695	-0.0251681758912343	0.0339551172400376	0.0146653297343777	0.0237963949660865	0.0054446981173919
everDrug9	S5	-0.0436157859509102	0.0186389892159105	0.0190219756033031	-0.0305258232814528	0.0403741812414158	-0.0500462821756724	0.0200633643154632	-0.00715473515748902	-0.0440558424316085	0.0355402022486005	-0.0441705661001739	0.026294108394522	0.0517533274493602	-0.00335429139903499	0.0519890609583344
everDrug1	S6	-0.0475939861297833	-0.0163945373216294	0.0796540977624049	-0.0318814360288761	0.0774462374155514	-0.0429820869945761	-0.0201450373156122	0.0515987788329994	-0.0675987930945746	0.0941584788593012	-0.0642108108162632	-0.000558944013963779	0.113901780910051	0.0276846663885999	0.0684791107802278
everDrug2	S6	-0.0672482153801584	0.0137946727072568	0.0565293378124772	0.000846698514077572	0.118246332261274	-0.0680671173013034	0.00395020984166989	0.0523071068052645	-0.00667044478431853	0.116311734226947	-0.0715431757725311	0.0331861080924001	0.0631880852337914	0.0241369288138711	0.124606244696926
everDrug3	S6	-0.0209893424976358	0.0101451958607198	0.0421779602965515	-0.00812716144914513	0.028618315624691	-0.0334414388928481	0.0193984146820777	0.011781859224084	-0.00364599316668163	0.0276208325060481	-0.0146863060129347	0.0113122357087238	0.0733895294292667	0.00399008313983451	0.0346647224087875
everDrug4	S6	-0.0422262342300083	0.00765791985355314	0.060778821383678	-0.011000485845902	0.0345989460231395	-0.0436396061946597	-0.00148334492739089	0.0618156024383688	-0.0285794948196144	0.0264563318674495	-0.0424686081811648	0.0233432076107841	0.0598107081062017	0.0204177927514069	0.0466463411963945
everDrug5	S6	-0.0473687371571244	0.0243614317718193	0.0611549552334945	-0.0214632709414723	0.0692677872292205	-0.0415455452980165	0.0206341918729498	0.0418896076790824	-0.0472098331581353	0.092454050076405	-0.06465328852148	0.042854063754486	0.0842148447944232	0.0271181995187088	0.054980784995427
everDrug6	S6	-0.020085352834031	-0.00447629050083007	0.031739714596263	-0.0101572054231411	0.0514331850088165	-0.00607499966560824	-0.0183024422891834	0.0566541043873922	-0.0240246445093559	0.0824255264165903	-0.0402478709704966	0.0157395555461334	0.000810557638434404	0.01177519183648	0.0139858036158954
everDrug7	S6	-0.0471318738436344	-0.00644721325900146	0.0832078827716111	-0.0292116612067995	0.121422876627096	-0.0488289574484393	-0.010236421050135	0.0867387620953412	-0.0346645543431872	0.13743612797659	-0.0528516775220409	0.0095360470783444	0.0819477634135142	-0.00285850887441105	0.110175538639689
everDrug8	S6	-0.0518726087175108	0.0329001001930082	-0.0195903389335254	0.0363413403700312	0.0354820782018199	-0.0747064284961109	0.0404677575613123	-0.0431398728710471	0.0545402297459758	0.0521388353118989	-0.0188042430474122	0.0236314039600595	0.0122376071971856	0.0106772651046349	0.0122234651241534
everDrug9	S6	-0.0456152981552396	0.0135803372987211	0.0187758379385545	-0.0259128801473181	0.0353792020350114	-0.0577294047184481	0.00241153589769282	-0.00609488817964656	-0.0350793992557379	0.0311595014143927	-0.0357136264932694	0.0350064259686502	0.0485905695372908	-0.00183675691810819	0.0431588766013454
everDrug1	S7	-0.059070329993591	-0.0134887515482905	0.0820054018836585	-0.0394990574818741	0.0572584081442605	-0.0561830841508858	-0.0112016995164507	0.0668413126587485	-0.0711355789805371	0.0850292908557766	-0.0656251085485655	0.000863822567034931	0.106326395383564	0.0175897988559838	0.0391176121287681
everDrug2	S7	-0.0596401407040104	0.0182463529783717	0.0497573779541198	-0.00720426457009226	0.0915557898778476	-0.073385099795546	0.0207003244155181	0.0553208004893808	-0.0155048287905187	0.109136030044275	-0.0436408166548425	0.025473049244258	0.046122183168418	0.0180289498202414	0.0759766662915419
everDrug3	S7	-0.000740590375238833	0.0167837409176673	0.0249079281021591	-0.010701382214531	0.0266850475768788	-0.0275450996752555	0.0287676433764747	-0.00712429228563755	-0.0161419044444153	0.0520608875907182	0.0233104857116648	0.0171223567719916	0.0598792476809551	0.0109902290709991	0.010710223164819
everDrug4	S7	-0.0336382251685505	0.00912081460820459	0.0549690128385549	-0.0267999348089006	0.0244162331972061	-0.0450598298940699	-0.00502386260073329	0.0651065050142244	-0.0505685770062389	0.0387592004335077	-0.0181435832545623	0.0335721410745655	0.0434504254969831	0.0103591746033478	0.00944748702874225
everDrug5	S7	-0.0474072691754224	0.0285999576118597	0.053383407105691	-0.0244219821586412	0.0627081639253488	-0.0476367254417636	0.026776344368222	0.0546900064664086	-0.0470059442180982	0.0914473487282728	-0.0495941386307048	0.048845241422236	0.0589869337393309	0.0221646506572199	0.0454887382710267
everDrug6	S7	-0.0185233426935224	-0.00463911488012504	0.0333155233903757	-0.00792733937918301	0.0545627247308746	-0.0129674567442509	-0.0153165713369387	0.0560603721269533	-0.0221487947310563	0.0842669569054879	-0.0261441681075287	0.0122467890064016	0.0044801731142552	0.0151279530646238	0.0201313041910283
everDrug7	S7	-0.0527109574488042	0.00149203024537652	0.0829283522178221	-0.037356229986501	0.0974682626016364	-0.0688602996323241	0.00531620265520223	0.0921255136795274	-0.0316878449362311	0.130913766320368	-0.0336873734016614	0.0125789758801368	0.077694578573038	-0.022280232620991	0.0670673802576873
everDrug8	S7	-0.0326486088373122	0.0352498678512478	-0.00660667812475883	0.0286960029182648	0.0421843230447899	-0.0498076277087091	0.0404727708598298	-0.0305889522745722	0.0503240027116278	0.0565756496629595	-0.0081599761130786	0.0305233075287024	0.0258375673459178	-0.00189503779246568	0.0227074551916231
everDrug9	S7	-0.0348432111156028	0.0193393886748789	0.0332941593449713	-0.0328009336745227	0.0296410581141078	-0.0463475694809089	0.000795653244220548	0.0088074820620195	-0.0337522864642902	0.030262471500856	-0.0218348161976177	0.0508398599365133	0.0651803150190692	-0.0184510582520856	0.0356055819686748
everDrug1	S8	-0.0600140393920959	-0.0156546692447328	0.0810969243614968	-0.0434106276296725	0.0587154953266034	-0.0643492302649601	-0.0153072997917109	0.0685505713998177	-0.0723971078256066	0.087456607345301	-0.0602473896263382	0.000969683178869167	0.101456807383122	0.0123052371558996	0.0397443070605502
everDrug2	S8	-0.0647756929542715	0.0184661689432515	0.047662613242274	-0.0121745476666855	0.0934559767804307	-0.0844829440523669	0.0154333779665993	0.0540219265133775	-0.0175513845549131	0.112078272904382	-0.0431202502533931	0.0317241842176793	0.0415325227289724	0.0110013032839643	0.0755602134149512
everDrug3	S8	-0.000176968383142447	0.0151821026998537	0.0239814465566968	-0.0105645663140653	0.0285513948216761	-0.03201333470011	0.0295466092745966	-0.0060910805644811	-0.0162609131439837	0.0545708888211933	0.027118565059156	0.0135872831574024	0.0564771767933067	0.0128242672143453	0.0109622284515673
everDrug4	S8	-0.0377948513072745	0.00921827904499832	0.0530819157137659	-0.0298993038064	0.0256851273239501	-0.0532942593058132	-0.00557473731195019	0.0605417045905615	-0.0505657079310193	0.0388165832159987	-0.0168712281616139	0.0348545148243678	0.0436207407456455	0.00401743615962422	0.0117617707398125
everDrug5	S8	-0.0504072648144823	0.0257485856973863	0.0554567985005497	-0.0262146400334399	0.064734766457396	-0.0582867338250079	0.0217619522164574	0.0547664647274365	-0.0475666386992455	0.0942380777819557	-0.0464902755016294	0.0487144101403644	0.0611253510695369	0.0208743818288248	0.0468331442551512
everDrug6	S8	-0.0199308076818866	-0.0031557572080403	0.0322143890280246	-0.00993780646947539	0.0532532304022297	-0.016813809251602	-0.01372468049574	0.0527303085127867	-0.0238783626480883	0.0837764824294731	-0.0249504377711647	0.0140373845565231	0.00476018393389615	0.0132931452271651	0.016800649233004
everDrug7	S8	-0.0572151454223327	-0.000976195549481387	0.082865673939389	-0.0418986011290365	0.0971937751918704	-0.0778109098631595	0.000700937678853719	0.0928014177542108	-0.0326027051943605	0.130586055197376	-0.0346786305113362	0.0126442913120107	0.075043542116931	-0.0295456091992218	0.0671134854567615
everDrug8	S8	-0.030206627747181	0.0350050829323708	-0.00366171425388674	0.0260444456198436	0.0423813246336887	-0.0484139166578724	0.04100919926092	-0.0282452113246972	0.0478674614959626	0.0570719712683324	-0.00429447616349775	0.0290148198377031	0.028882827062295	-0.0057181115107824	0.0223491894151991
everDrug9	S8	-0.0344459696775077	0.0222360204582495	0.0332998613597564	-0.0327448636784278	0.0298567849703746	-0.0467438602110384	0.00312424459217103	0.00634372181202869	-0.0336539818588851	0.0321548359759882	-0.0218249939681091	0.05458704067182	0.067272449904401	-0.0176407241974455	0.0335822027992717
SU_DSM4alcoholAbuse_ori	S1	-0.00903240685315253	-0.0250468976009305	0.0115393351907384	-0.0273428243467971	0.0192521266046343	-0.00271044602851149	-0.0244536488565145	0.0251261195005109	-0.0150678581917747	0.0159089580369128	-0.0283372144149632	-0.01941928987736	-0.0103403406736093	-0.0417984443369671	0.0270489796964627
SU_DSM4alcoholDepend_ori	S1	0.0112747924261773	-0.0315430142813702	0.0306710021008873	0.000949080607265021	0.0132000694801452	0.0181001678712686	-0.0297451979811313	0.0578271385433475	0.0199213017405116	0.0360469002960518	-0.00693112219401327	-0.0286753531120241	-0.00728082077823158	-0.0216342163446446	-0.0104949114460536
SU_DSM4cannabisAbuse_ori	S1	-0.0220748044860571	0.0468602672638874	0.0212518175004902	0.0130998610636281	0.00688451806140092	-0.0161392578853544	0.0273797152035629	0.00701963758319564	0.0470965912992938	-0.00619216137583676	-0.0393801389325239	0.0744839399223017	0.0315609919219152	-0.0176891267412716	0.0242757651750728
SU_DSM4cannabisDepend_ori	S1	-0.0191590781933611	0.0349446035053206	0.00441564952771931	0.0132275308543984	0.015602997000656	-0.0109680265036658	0.0283392958935968	-0.0272362161840751	0.0213396711460155	0.004784498024323	-0.0327356352187199	0.046847810811751	0.0332047519558009	0.00592505982483009	0.0296317205983432
SU_DSM5alcoholUD_ori	S1	-0.00195585392561296	-0.0285408389912828	0.0354736267112657	-0.00812021028160479	0.0359366690496554	0.00175231434113699	-0.0244417165366955	0.0454281266119276	0.00494171120621609	0.0362834136528968	-0.0208489999019566	-0.0268755769864865	0.0111968557296936	-0.026442838219518	0.0443771543619833
SU_DSM5alcoholUD_0or1vs2or3	S1	0.00828432106993742	-0.031806544996689	0.0484184338649795	0.000596953203803049	0.0287941288615946	0.0049522103945504	-0.0205494594395238	0.0741306010304757	0.022720474901609	0.0377937595613136	0.000621260637193138	-0.0399521330251722	0.01255024479441	-0.0264719540134045	0.0225177632577234
SU_DSM5cannabisUD_ori	S1	-0.0283910365784419	0.0481709575736727	0.0151046111912789	0.03248720499935	0.0171070642488156	-0.0190618834352142	0.0331715570808707	-0.0036803936682567	0.0556207339770588	0.0100074918865244	-0.0487862909158032	0.0729024775078247	0.0324530411378053	0.0102412410428036	0.0279295604018915
SU_DSM5cannabisUD_0or1vs2or3	S1	-0.0295732685373536	0.0356713099553392	0.0281495863004603	0.0140380236127384	0.00428253352083864	-0.0208331037544084	0.0221585479109223	0.00353317036202897	0.0301031016367675	-0.00382997271567903	-0.0463687510320926	0.056203168884415	0.0492908128026817	-1.13039370094093e-05	0.0151133613140163
SU_cannabis_ever	S1	0.00946374214067011	-0.000150541865083988	-0.0141587053590236	-0.0105748379837916	0.038006478585156	-0.0218597891770594	0.0121635406008757	-0.0116187757545685	-0.0145270742162625	0.0347727364043851	0.0311037057854781	-0.00403575054518315	-0.0258231199765217	0.00109135803658784	0.0370606923786614
SU_cannabis_onset	S1	-0.0141782922161455	-0.030906104299518	-0.0103388296264519	0.0359790134589913	0.00552335887939301	-0.00945644989069955	-0.00734462698208976	0.0405034870070703	0.0629321775467116	-0.00841447848945946	-0.0202621699659319	-0.0526165901987604	-0.058453319005961	0.0208667834132535	0.023684981899059
SU_cannabis_abuse_onset	S1	-0.0662690603329799	-0.0123930476276231	0.0444499714291349	0.00367491475853172	-0.118369403498061	-0.23689325867362	0.110596053498011	0.0873256123897963	0.0102387598691472	-0.0889019132758604	0.0410530030523946	-0.0889204517862173	0.0217974964947051	-0.00709408317298654	-0.133016480135934
SU_cannabis_dependence_onset	S1	-0.0303279482068253	0.05211994697749	0.0254521204194959	-0.137483937893786	0.0282142013849841	-0.302966618439084	0.149336739380826	0.366249445883247	-0.262662032408776	0.233890779590376	0.136517776729452	-0.0103102816980551	-0.172010186351991	-0.0577576755241145	-0.109979481925882
SU_cannabis_use_disorder_onset	S1	-0.0335028587030989	-0.000896106659655104	0.0723664659389071	0.0257975926586901	-0.0853066981385899	-0.137551629935876	0.141672788497079	0.219413067330282	0.0207560195480152	-0.0126920122922277	0.0398907940605646	-0.104840952500569	-0.0290889793304682	0.0251587228059879	-0.135008134052461
SU_DSM4alcoholAbuse_ori	S2	0.0233961918076594	-0.0288306971554681	0.0215202354048105	-0.0286237658910938	0.0467414975615054	0.0166122759743584	-0.0253955169783592	0.0114710659599394	-0.0130216555539875	0.0487489441189666	0.0270451463248658	-0.0235408545084717	0.0367758751421832	-0.0503904696139069	0.0472810749224926
SU_DSM4alcoholDepend_ori	S2	0.0116358706093556	-0.0331428923623277	0.0446702964685824	-0.0217068288059508	0.016436933454904	0.00417593490953763	-0.03231123921997	0.0453260133155368	0.00997065628721312	0.062343278876053	0.0148563313823847	-0.0254769760533941	0.0461210272742019	-0.0631973667568383	-0.0374924877571374
SU_DSM4cannabisAbuse_ori	S2	0.00834971295779793	0.0458215461359913	0.0180008223158288	-0.00885409161267329	0.0446649705906869	-0.0303176018205548	0.0156594578026637	0.0188998251588651	0.054543870049973	0.0613062190714969	0.0431375118058417	0.0878069110687107	0.0206481214444908	-0.0748382219169494	0.0310769681567083
SU_DSM4cannabisDepend_ori	S2	0.0226413689169189	0.0327180074309874	-0.0172768270664683	0.000441435497654472	0.0241611491653151	-0.0111518715548504	0.0126091923223148	-0.023518923774197	0.030706882962986	0.0470243939190495	0.0556390030468469	0.0605808325045915	-0.0131418055358322	-0.0327227783643716	0.00278901874373866
SU_DSM5alcoholUD_ori	S2	-0.000776430633288912	-0.0260833980596727	0.0468428133621395	-0.0191383769698439	0.0549039762363009	-0.00652916015346555	-0.0249489203228567	0.0295012127458777	0.00682943743701587	0.0624908838448294	5.1839166121351e-05	-0.0163003528985051	0.0695417864594439	-0.058102872552353	0.0456498790947122
SU_DSM5alcoholUD_0or1vs2or3	S2	0.000343850706676149	-0.0301922185336429	0.0572493694447029	-0.0109238179897863	0.0301588965889395	-0.00866636689056181	-0.0189952603944431	0.0572157051247813	0.0250440321663228	0.0572311790354914	0.00547412581558594	-0.0348960845819993	0.0611375017383815	-0.0574138529746295	-0.000226623310025245
SU_DSM5cannabisUD_ori	S2	0.0150775058479125	0.0480175127460911	0.0101259013746586	0.0127504955000224	0.0436458298623314	-0.00227911967508213	0.0219550158459093	0.0108862663469779	0.066668131013923	0.0610028712527676	0.0305817573821929	0.0876605362109606	0.0123027558769757	-0.0465918070135556	0.0266235949704609
SU_DSM5cannabisUD_0or1vs2or3	S2	0.0157822909425415	0.0372960751523308	0.00690812754541861	-0.00629338246007422	0.0238475178764626	-0.00772093249327823	0.00770873475720481	0.0014108285641432	0.0431746096784729	0.0383851068249577	0.035816519419338	0.0763298190780404	0.0120443422615469	-0.0568192337730039	0.0117786992387469
SU_cannabis_ever	S2	0.0169471289817936	-0.00259126248833865	-0.00011266358695014	0.00738917749087609	0.0676049496632142	-0.0195193119866869	0.0174123087836549	0.00510465141495689	0.00805041920590344	0.0787200045131187	0.0673515579239011	-0.00947548624986305	-0.00045473239068379	0.000937885701755383	0.0455869190442378
SU_cannabis_onset	S2	0.0381794898990251	-0.0265820491405809	0.009569586685741	0.0225162344973289	-0.0730927462125823	0.0436715550358664	-0.0186764252312181	0.0439904433788774	0.0727924476915374	-0.0559268474988328	0.0287689203934772	-0.0342193564779284	-0.015947794017582	-0.00127881783993961	-0.0797227504921851
SU_cannabis_abuse_onset	S2	0.00592045103683564	0.0114140971435293	0.0551216513626161	0.0222139398040044	-0.134119896179867	-0.01053937868647	0.108281001274095	0.0195174142136185	0.0757666266568248	-0.0708880689450334	-0.00761067811705642	-0.0530496272203658	0.0822428312769522	-0.00277515326167888	-0.16579419257772
SU_cannabis_dependence_onset	S2	0.0278420881690435	0.0571950770109834	0.0344437677445312	-0.0166330845591393	-0.0729577230240999	-0.000160694455232138	0.145614033718356	0.145292649056847	0.00155340027134608	0.151747124342138	0.015873349050172	0.00765728274071873	-0.04870896734999	-0.0256007495823109	-0.231799697073711
SU_cannabis_use_disorder_onset	S2	0.0237008293580886	0.0142872002235979	0.115453589361908	0.032183608871135	-0.118305104389617	0.016886304343063	0.133704642070309	0.157530009777288	0.0497028016560305	-0.0467891138358842	0.0200891549092164	-0.0716659241404901	0.0832811055426747	0.0257006122122364	-0.171306377056556
SU_DSM4alcoholAbuse_ori	S3	-0.0190852238139411	-0.0387491783379862	0.0119009566711502	-0.0338520171175412	0.0561816611575193	-0.00767479679222283	-3.08472539880339e-05	0.0258191516484955	-0.0429188127153511	0.0520166962191764	-0.0374889997001257	-0.0698327511288699	-0.00485002912476668	-0.0283333716285466	0.0726009100349335
SU_DSM4alcoholDepend_ori	S3	-0.00552750222842298	-0.0369056751842671	0.0294386234307042	-0.00421092055598071	0.0414705386011879	-0.0203215472759093	-0.0139264526303775	0.0348127962465564	0.00841413008994867	0.0596438191509422	0.00814131561264152	-0.0472762111251461	0.0245771859702165	-0.0261370808181908	0.0309700046616025
SU_DSM4cannabisAbuse_ori	S3	0.0031850758268407	0.0180637445435501	0.0257702497782509	-0.0174305247069054	0.0282262238765585	0.0263783973390849	-0.0109553618051215	0.0186460188824387	-0.0103504005375584	0.0503334728780057	-0.0234224930222913	0.0668144826519984	0.0351287497737139	-0.031007109424908	0.0182030793662801
SU_DSM4cannabisDepend_ori	S3	-0.0243682742782849	-0.00139809478301552	-0.000271851763817196	-0.0191254188233232	0.0173415534547335	-0.0144073020332366	-0.00633598436755785	0.0128378791838866	-0.0109635398292137	0.0514367139174979	-0.0371569266287728	0.0160914811965492	-0.012158579284117	-0.0328898565351192	-0.0082128246682068
SU_DSM5alcoholUD_ori	S3	-0.0396419101640129	-0.023196665953383	0.0372379446450842	-0.0183575685288057	0.0731411311828743	-0.0366213806405327	0.0075123283324879	0.0397277626585742	-0.00687517335238448	0.06899708107755	-0.0528903030387568	-0.0392350198211381	0.0369161997548165	-0.0464409028534723	0.0928312880437095
SU_DSM5alcoholUD_0or1vs2or3	S3	-0.0153414128729032	-0.0297795972872931	0.0586304433046595	-0.0220567815309389	0.0448048093409521	-0.00361245975883276	-0.000150334922644203	0.05930049469906	-0.000886533882063608	0.042703961311739	-0.0340716420091871	-0.0469344683273344	0.0607819340479076	-0.0553117160873914	0.0601020639203345
SU_DSM5cannabisUD_ori	S3	-0.00927386057272974	0.00694687870213647	0.0261601279840592	-0.017416079421511	0.0262093136469205	0.0179866432813693	-0.0238786854625182	0.0227695388556566	0.00484655962381311	0.058135062102358	-0.0406592757534967	0.0572613718664736	0.0302633232984098	-0.0465234148718847	0.00381762918760422
SU_DSM5cannabisUD_0or1vs2or3	S3	-0.0180309940201304	2.52792421657591e-05	0.0108677760364645	-0.0119203117404556	0.0210300313890152	0.00541969568668086	-0.0204712436477405	0.0245939529524128	0.00576122189649421	0.0499156819379981	-0.0441644695774003	0.0366699614305315	-0.000395637686323738	-0.0353474011693193	0.00382072964350174
SU_cannabis_ever	S3	-0.0235787400491045	-0.0293440075855306	0.0223918874784867	-0.00814674264811277	0.0870938071600012	-0.043563916824049	-0.0161815422158403	0.0212112521721553	-0.0160086008670269	0.11222450081418	0.0106691577865275	-0.0184564492982711	0.0233618746806699	-0.00247260715883829	0.0599053030965441
SU_cannabis_onset	S3	-0.0107756561960947	-0.0580320257549658	0.0915750090713181	-0.0112446267818669	-0.0575539003932371	0.0613176003290952	-0.0521606969870552	0.106092555162126	0.0701789866400388	-0.0454094187380527	-0.0731568918124441	-0.0555605073376711	0.0827863637046592	-0.0742238377652493	-0.0513160809129937
SU_cannabis_abuse_onset	S3	0.0126475521729666	-0.0143958722186134	0.154515861884988	0.0120974051315758	-0.083677579776874	0.193248836664366	0.125797162709142	0.129066183818169	0.167964919798706	-0.0571320281182469	-0.100972180753341	-0.101619782828111	0.16213698749987	-0.0936134326962564	-0.0972303305910296
SU_cannabis_dependence_onset	S3	-0.00049215250211528	0.0303027793232243	0.130391167988447	-0.00594554759572951	-0.0963824552739027	0.126973723350878	0.17054812704037	0.150300893365351	0.0197919387378821	0.0879254869776277	-0.0850618226654967	-0.042591204657575	0.127532440673418	-0.0208614903900353	-0.201259118271497
SU_cannabis_use_disorder_onset	S3	0.013311805885053	-0.0429692104722683	0.160096611453386	0.0113351813675694	-0.104503703816387	0.123938612791369	0.0876720318109556	0.180562531528916	0.118785080570989	-0.0808449298489066	-0.0695480906522769	-0.137354071284869	0.132921221362006	-0.0648293219093893	-0.115548882514306
SU_DSM4alcoholAbuse_ori	S4	-0.0251025309475921	-0.0106118729303843	0.0293219055103232	-0.0387437506354833	0.0396501800253778	-0.0252803528849934	0.0367123451699382	0.0265039606265187	-0.0691986167106455	0.0529421137778629	-0.0356601746161699	-0.0649482158846522	0.0401881463342931	0.0139558150309492	0.0363886374886645
SU_DSM4alcoholDepend_ori	S4	-0.0279529198539482	-0.0208369564927828	0.0207713057980519	-0.0291967148939113	0.0369021072210525	-0.031123831625003	0.0124321884983553	0.0204860942174147	-0.0284310431966576	0.0658610251411706	-0.0376142927726431	-0.0525020556062336	0.03071853545349	-0.0160154452461395	0.0172688620845886
SU_DSM4cannabisAbuse_ori	S4	-0.0188148191901708	0.0145460784948321	0.0228917961372425	-0.00310018042076071	0.0367407335473426	0.0237638520907665	-0.0145990365489683	-0.00414085557280218	0.00480144546829633	0.0640389746393311	-0.0752473787766485	0.0554575175649224	0.0589703925303448	0.0030338465713662	0.0250791330060634
SU_DSM4cannabisDepend_ori	S4	-0.0476594977370454	-0.00877433929980698	0.019671711409911	-0.00608689043784191	0.0402884313401561	-0.0100846630167287	-0.0174564664642593	0.0146673778246863	0.0102998981665498	0.0675614129271013	-0.0957391723968152	0.00659339445194067	0.0316817101833016	-0.0124027790794639	0.0233660646284615
SU_DSM5alcoholUD_ori	S4	-0.0425972349891147	0.00441820237358106	0.049659402814951	-0.0372772198168238	0.0585139500608952	-0.0534306123422779	0.0426237954026775	0.0538018222270635	-0.0465882364704101	0.065555353157623	-0.0473330952285047	-0.0369316922856457	0.0587287711262615	-0.00802258528192408	0.0653062957304716
SU_DSM5alcoholUD_0or1vs2or3	S4	-0.0386105339738653	-0.0124339248041434	0.0524304961000664	-0.0263020969499895	0.0320958039499577	-0.0364075809721284	0.0301996329546085	0.048936228128374	-0.0362373488227746	0.0396220953474912	-0.0559642351098084	-0.0554758226200045	0.0673149367585179	0.000132848145900544	0.0387877513045499
SU_DSM5cannabisUD_ori	S4	-0.0344816565489289	0.00142624384381462	0.0418352818615649	-0.00150011828153795	0.0393362387082436	0.0151968327508657	-0.029042317707494	0.0156852695405377	0.0243040984040769	0.0795027287451247	-0.0995190151881158	0.0437059804879491	0.0781095028305945	-0.0147915230019595	0.012149805730274
SU_DSM5cannabisUD_0or1vs2or3	S4	-0.0485062695133407	0.00465367867363978	0.0287562870200131	-0.00498230882195113	0.0448132020317878	-0.0158281135095638	-0.0227074271377664	0.0219186642512352	0.0202516911080206	0.0766929630441568	-0.0934722293774569	0.0405698186110288	0.0442888128498219	-0.0172271952559251	0.0275024711664473
SU_cannabis_ever	S4	-0.00897715096524872	-0.0317118853647985	0.0458200855877463	-0.0107914231811667	0.0749290536262045	-0.0272267273658509	-0.00622012255510335	0.0304722594061033	0.00260276677116231	0.0908431895291485	0.010600947999866	-0.0571769089902398	0.0756163058253465	-0.0177800350367726	0.0704437253321445
SU_cannabis_onset	S4	-0.00865002971654237	-0.058174596226569	0.061193509729956	-0.00191972021223617	-0.0619737607247108	-0.0156742912642963	-0.0871697601791531	0.032959853960046	0.0183176886812042	-0.0411758582490553	-0.00269446918264741	-0.0265723361559977	0.0861457398242367	-0.00107950054807213	-0.0575546442137979
SU_cannabis_abuse_onset	S4	0.0283486812315557	0.00286855810929317	0.209948752410295	0.0270603000676963	-0.0993053763519761	0.131801700682203	0.0448143565794323	0.153188944385903	0.0558034979395382	-0.105816905690767	-0.0277192498020304	-0.028862630228647	0.25212143014643	0.00979195834216457	-0.0856863533577862
SU_cannabis_dependence_onset	S4	-0.031685986881801	-0.0991333287330944	0.139477745950355	0.0437445866090677	-0.0921188604397882	0.0367449796324414	-0.023809247006735	0.104369668824799	-0.0712670486894509	0.0639555476401386	-0.0531304778372808	-0.150098222378555	0.17059795281963	0.124188170923031	-0.169753846272056
SU_cannabis_use_disorder_onset	S4	-0.0182088388242473	-0.0533845011990088	0.19404262234354	0.0183984644510345	-0.0862251401053144	-0.00514172573190199	0.0244541892587876	0.152749396298312	0.0202274663838831	-0.0543688794383666	-0.0163084548662126	-0.115313941468394	0.228746138144533	0.0184916334532226	-0.0929867846194146
SU_DSM4alcoholAbuse_ori	S5	-0.00887975148936374	-0.0295288374208123	0.026826510802864	-0.0645986994310974	0.0576369687841403	-0.028171768924509	0.00498902922335723	0.0236865780678551	-0.083828441052514	0.0614765206425125	0.00424042070651861	-0.0587601155046151	0.0326351366877581	-0.0223408061708653	0.0617583153169999
SU_DSM4alcoholDepend_ori	S5	-0.0272057865425991	-0.0358438467766585	0.0239425193120873	-0.0550495264535841	0.0439517062908345	-0.0465134180339044	-0.0290692185316321	0.0034176844432073	-0.0599884782855802	0.0518211684768681	-0.0188601906084359	-0.028093825593816	0.0502466913168871	-0.0278423565751131	0.0441014123727261
SU_DSM4cannabisAbuse_ori	S5	-0.035289521556397	0.00547625298558832	0.0316330264947096	-0.0169910661543475	0.0416167260666064	-0.0105694382750396	-0.0326540013693576	0.000650159522423691	-0.00405045906630356	0.0647760538089614	-0.0766645042169757	0.0603575789513497	0.0643295230231136	-0.00933107419038207	0.0288415018467925
SU_DSM4cannabisDepend_ori	S5	-0.0363828277155392	-0.00272628483142388	-0.00531793830428497	-0.00387971302656288	0.0620469286573463	-0.0165013606189535	-0.0168017929800989	-0.0108648903783458	0.0154476052171371	0.0822422428515234	-0.0695069730918034	0.0216181081250764	0.000925388698156893	-0.00873335586856188	0.0499067264266776
SU_DSM5alcoholUD_ori	S5	-0.043204424038602	-0.0182253666230558	0.0448849558555859	-0.070408113638852	0.0796130245385454	-0.0687415199148179	0.00544455458470111	0.031011725122972	-0.083088954592723	0.0719651298101676	-0.0283214927061869	-0.0261867149581961	0.067718530273955	-0.0262284120849493	0.0990161384074159
SU_DSM5alcoholUD_0or1vs2or3	S5	-0.0287898744969499	-0.0283666191088385	0.0503241447158995	-0.0446105514211233	0.0534719737787407	-0.0518788133407445	-0.00973418626402569	0.0330957910198016	-0.0630323380078169	0.0410016392954736	-0.0162934343094393	-0.0321648803921592	0.0738791983143376	0.000425895528012176	0.0791227925098669
SU_DSM5cannabisUD_ori	S5	-0.0530513910420922	-0.00521268358666456	0.0337602958616503	-0.00245200142777295	0.0538700905346122	-0.0307447610544345	-0.0493216650512225	0.00702676529164788	0.0240680434762641	0.0897221930583035	-0.0931660890537972	0.0566321062943915	0.0632317503180675	-0.00965736181521981	0.0256123210432815
SU_DSM5cannabisUD_0or1vs2or3	S5	-0.0564910629259352	0.0115158438821576	0.0094038780856624	-0.00343682788135419	0.0624764979562116	-0.0430323025877609	-0.0267732154391863	-0.00603769548783941	0.0213982433851661	0.095794035952178	-0.086294231060628	0.0636072358106044	0.0256599299415682	-0.00981746662116995	0.0406715540157374
SU_cannabis_ever	S5	-0.0118694971482536	-0.050327600274519	0.0690423813029388	-0.0403762977489078	0.0849570838509427	-0.047342684729943	-0.0325158492584423	0.0429297985800321	-0.0270422566920225	0.0951868986375037	0.0285856124179258	-0.0571541723726873	0.104400863646857	-0.041278329423607	0.0809139377150874
SU_cannabis_onset	S5	-0.000820304299659322	-0.026846548528783	0.0166848636739649	-0.0130859381137646	-0.0796457463535928	-0.0101458421094853	-0.0418008597860865	-0.0159957691511621	0.0221890103135295	-0.0540708821970889	-0.00595321389520126	-0.00481493059099538	0.0468290296355987	-0.0180585209721849	-0.0801848374559649
SU_cannabis_abuse_onset	S5	0.0522882085396391	0.0624289557331506	0.119912417872806	0.012187920121654	-0.0891996078325965	0.20435304756751	0.0654693395547099	-0.0346463933219141	0.0893148871323981	-0.093075569016223	-0.0511001031322098	0.0499876248792855	0.219232112328394	-0.0463599784023585	-0.080669452637473
SU_cannabis_dependence_onset	S5	0.0328153473603392	-0.0689997807965623	0.0837073697808284	0.0489873058947589	-0.0901519772822117	0.0860775251739553	-0.0103646553336405	0.00187474385879803	0.00699011638780409	-0.0512340714554376	-0.0185060311668059	-0.119493330696526	0.147308651216573	0.0690077200416429	-0.0880523715769006
SU_cannabis_use_disorder_onset	S5	0.00984489336598097	0.0152093654218373	0.0828650956370777	-0.00228767136463047	-0.107179314894009	0.0229695233327562	0.10251869107127	-0.0652338004596818	0.0779818563931403	-0.0683625199061894	-0.00740840043358464	-0.0569100355221948	0.192578515623895	-0.0630284766282263	-0.116342362650499
SU_DSM4alcoholAbuse_ori	S6	-0.00543043482104133	-0.0287811688105285	0.0263536206275121	-0.056713577784269	0.0609180261138349	-0.0363689126223641	-0.000635453432153498	0.0278324489989886	-0.0731779123940131	0.059409754697354	0.0295065802507841	-0.051644183469083	0.0238245699456918	-0.0142548681616964	0.0702046508328875
SU_DSM4alcoholDepend_ori	S6	-0.0265771098815423	-0.02862369857673	0.0249572505609105	-0.0469017055631727	0.0496775877690482	-0.0492262190286462	-0.0232033423595704	0.00252824151719369	-0.0564996383339074	0.0575113796634335	-0.00694683687410724	-0.0192531112461117	0.0523998964186742	-0.0105066978514495	0.0484746192349418
SU_DSM4cannabisAbuse_ori	S6	-0.0256573888285206	0.00687952407475245	0.0427093798816267	-0.0241282727463715	0.048664043423061	-0.000142548345323826	-0.032914760459881	0.00966199632521624	-0.00723519768849819	0.0652071757077287	-0.0609164454231215	0.0619643200576935	0.0769389478353544	-0.0170055083553406	0.0407772930611918
SU_DSM4cannabisDepend_ori	S6	-0.0290324738434679	-0.000859569385113248	0.00120909308144286	-0.0040078717132196	0.0653738764436052	-0.00721486121386112	-0.0280567970189734	-0.00925959497783086	0.00777985341664038	0.0827803307922756	-0.0588264452369053	0.0374782421478733	0.0114388325188838	0.00100250441959332	0.0553048273356821
SU_DSM5alcoholUD_ori	S6	-0.0424136091096627	-0.0123216930916468	0.0463063600049979	-0.0598783440687688	0.0892311282437332	-0.0760313114683728	0.00808409024204235	0.032854105189332	-0.0689196713188685	0.0807740079377188	-0.00880122553699195	-0.0180268911261585	0.0675647282342077	-0.0154291243307385	0.108784656159689
SU_DSM5alcoholUD_0or1vs2or3	S6	-0.0333520997409985	-0.022754408507182	0.0568324940215385	-0.0310529083374091	0.0632330797706419	-0.0626830306133892	-0.00188139734073848	0.0379684111539126	-0.051312846390764	0.0512000951987808	-0.00502478573667599	-0.0310552076478233	0.0810998857738731	0.0204273560119301	0.0868318925396407
SU_DSM5cannabisUD_ori	S6	-0.0458096080029055	-0.00194658733987619	0.0416727868727618	-0.00600605943681934	0.0607180236174245	-0.0214866231855266	-0.0479019689441428	0.0152943496742782	0.0251193974625561	0.0878252980998527	-0.0812351557154822	0.0610886023110035	0.0693927770632422	-0.0132669200005352	0.0401146062664899
SU_DSM5cannabisUD_0or1vs2or3	S6	-0.055535047961341	0.0147355000697134	0.0208921446034861	-0.00753436322544594	0.0740934588054806	-0.0417190530395351	-0.0303836353087517	0.00253298605314744	0.0124372461407027	0.102421270850096	-0.0792518802680198	0.0735094818689107	0.0393602978222645	-0.00591195740695683	0.0563501104663953
SU_cannabis_ever	S6	-0.00419866101116947	-0.0502586423237829	0.0583412833290888	-0.0409774939460254	0.084126675608941	-0.0260305502400167	-0.0404682673157104	0.0313427306136208	-0.0284027282937852	0.0907048364784966	0.0239018692021034	-0.0456494438911041	0.0938851786132907	-0.0373164735580996	0.0822895035893086
SU_cannabis_onset	S6	0.0207024754464239	-0.0249579582126237	0.0374328469950654	-0.0293858983768747	-0.0698899745656165	0.00966981221210357	-0.00713947796144423	0.00434031540991898	-0.00265504340828125	-0.0621260262302551	0.0284944544236162	-0.0252178997038232	0.0678941352756811	-0.0305837726499066	-0.0589354550482775
SU_cannabis_abuse_onset	S6	0.0316075277048473	0.0517251746183049	0.0995655685946417	0.0214247447362825	-0.0650870281367025	0.154815609289755	0.0656105612666199	-0.0270831860840687	0.107652787945597	-0.124803380291998	-0.0536287070839049	0.0305729983638796	0.195485807204983	-0.0361219539008088	-0.0303392167020332
SU_cannabis_dependence_onset	S6	0.042540971542491	-0.105888769393708	0.0736536439305998	0.0708336964360234	-0.101808220753363	0.0570725594728372	0.00198187207930078	0.0610095215763131	0.0415121854448136	-0.137043776078136	0.0306450872319132	-0.192480410176731	0.0902229312706615	0.108487789138161	-0.0615072304332024
SU_cannabis_use_disorder_onset	S6	0.0036224359426455	0.0126347576849435	0.0646221546096166	0.00292301495953592	-0.0869721304037348	-0.00653784299435298	0.114829906931065	-0.049758445687947	0.0806147033235976	-0.0807622844295649	0.0127577420779995	-0.0723851146029092	0.15514642266276	-0.0576602953716393	-0.0791064232984501
SU_DSM4alcoholAbuse_ori	S7	-0.000596370839689723	-0.0382830728103895	0.015798060294504	-0.063178671920763	0.0578174405195436	-0.0181011686189669	-0.00204825766240525	0.0219570753886825	-0.0760693282453515	0.0779201635737736	0.0237172174417036	-0.0660830843558362	0.0107429103251945	-0.0232417997267523	0.0457858083881061
SU_DSM4alcoholDepend_ori	S7	-0.0205807760981257	-0.0310263709292468	0.0226230832663061	-0.0523371541237679	0.0220693340170845	-0.0348150197314878	-0.0285044221714212	-0.00253046512747399	-0.058612065216982	0.0333985819109485	-0.00368559558139852	-0.0133200096172079	0.0561797927748786	-0.0178818183422721	0.0221214319011447
SU_DSM4cannabisAbuse_ori	S7	-0.0277677886718648	0.00113959595980857	0.0459513855446008	-0.0398459078336647	0.0472787501748099	-0.00435641647912773	-0.0176029821498992	0.0236943163128857	-0.0276439484641217	0.0725501538519422	-0.0537509788743336	0.0392204506082679	0.0716047666957564	-0.0248396188875518	0.0350289520699798
SU_DSM4cannabisDepend_ori	S7	-0.035234577604793	-0.0104183952003591	0.00766363066245546	-0.0222659539676323	0.0593051094581078	-0.00275770019920871	-0.0288728968824469	-0.0114388507584148	-0.0182994707527979	0.0815516968809445	-0.0718075922085624	0.0216695186081325	0.0271190298120756	-0.00821282472407806	0.0491355691808366
SU_DSM5alcoholUD_ori	S7	-0.0306576951225024	-0.0133529614550215	0.0448381157993584	-0.0676823812488938	0.0748773321287323	-0.0623784499235642	0.0105147411039646	0.0252470286285084	-0.0732213245874019	0.0743776523121561	0.00680015879669631	-0.019231099566738	0.0776296615181141	-0.0241984873037388	0.0914308249635947
SU_DSM5alcoholUD_0or1vs2or3	S7	-0.0298753083132086	-0.0138270518529749	0.051181290062065	-0.042560208695133	0.0465800714655336	-0.0455249518156148	0.00992210488289041	0.0307324376423098	-0.0562208393876789	0.0417953193027743	-0.0115968616379894	-0.0221856402899271	0.080326240415696	0.00370802620260142	0.0680807672440455
SU_DSM5cannabisUD_ori	S7	-0.0506777314914755	-0.00631813365487052	0.0419276131992532	-0.0237385384463374	0.059786256648591	-0.0321945358955536	-0.037924193400327	0.0195074298409713	-0.00429746895385515	0.0977394188087207	-0.0740890168343732	0.0443195734200495	0.0684076747556682	-0.0168003641998551	0.0331158344403172
SU_DSM5cannabisUD_0or1vs2or3	S7	-0.0607712981809537	0.00307027886740864	0.02100934835267	-0.0238176423630053	0.062569571544537	-0.0468094196306364	-0.0338070289436934	-0.00145961796813085	-0.0132504037675883	0.09860756150718	-0.0788788504507548	0.0546997359316713	0.0447635780717955	-0.0113152378673473	0.0416889080628237
SU_cannabis_ever	S7	0.00310893219220278	-0.0630381892394846	0.0603692277990874	-0.0349072577069541	0.0817607402960693	-0.00729812340570976	-0.043373681283223	0.0366404995810051	-0.0199747216435895	0.0907509541620472	0.0242429184653915	-0.0648505174142207	0.0967727284579812	-0.0292790796178316	0.0855863126221335
SU_cannabis_onset	S7	-0.000576153531832874	-0.0371140527681197	0.0402240926419056	-0.0279235167808993	-0.0566271361422692	-0.00730543333851307	-0.0171016530819805	1.21312410138045e-06	0.0184423978388262	-0.0268262985034665	-0.000670648961121986	-0.0354989453581499	0.0788687460466989	-0.043784296977247	-0.0587344842015619
SU_cannabis_abuse_onset	S7	0.00596693224424262	0.00896159767869564	0.0844676682495909	0.0147978201406558	-0.0459282264571245	0.124463402096659	-0.000575347715188791	-0.0829285274938025	0.113939769342478	-0.0555158240819439	-0.0745185764999278	0.0162464819255563	0.206153774992687	-0.0634394754448387	-0.0317150352177271
SU_cannabis_dependence_onset	S7	0.0474383206512592	-0.121913945602936	0.0928113276445188	0.0392409595019917	-0.0181509296481885	0.105440951029826	-0.0490111608800057	-0.0174886819970731	0.0562690978190666	-0.00034816671663392	0.00792656243721574	-0.18531756318732	0.175429457915742	0.0132243359119877	-0.000297447069145013
SU_cannabis_use_disorder_onset	S7	-0.0104042129409832	-0.0200345013593517	0.0359569720878811	-0.0077655278158853	-0.0494673092706242	-0.0112279705419949	0.108557709927453	-0.101509236306453	0.0886785349536528	-0.0176270872967386	-0.0108471837612455	-0.118990990479409	0.148252232820227	-0.0907548446832531	-0.0535676666803561
SU_DSM4alcoholAbuse_ori	S8	-0.00457353337548164	-0.0374424545456524	0.018798911515573	-0.064122416856082	0.0548932558692878	-0.028591291513213	-0.0019783372201143	0.0294447321388738	-0.0728139147969543	0.0736015480154488	0.0259792863538609	-0.0639091980084868	0.00611142007793008	-0.0282413552660182	0.0449423250649288
SU_DSM4alcoholDepend_ori	S8	-0.0210788650246426	-0.0279372207837901	0.0229491959071509	-0.0558680191780706	0.022159246916794	-0.037659013575676	-0.0253735830718533	0.000500311645882657	-0.0619541470840776	0.0308703403907921	-0.00234180700054746	-0.00922970581039786	0.0513625857569739	-0.0204161563336319	0.0256420008147194
SU_DSM4cannabisAbuse_ori	S8	-0.0296964125586839	-0.00108765994813538	0.0453041829312966	-0.0440177678604079	0.0456707313466897	-0.00692576348504438	-0.0185625758835299	0.0227069082403697	-0.0262045578943829	0.0724180358739686	-0.0577728215194054	0.0359820191219106	0.0696686935614042	-0.0327535671491948	0.0320849233347535
SU_DSM4cannabisDepend_ori	S8	-0.0354442918813666	-0.0121427121056041	0.00756783527917477	-0.0236925284432871	0.0570914593980654	-0.00625975526360623	-0.0297966143475477	-0.0108379859861584	-0.0165686215414906	0.078574277475383	-0.0704580670283406	0.0192596522803903	0.0254867469750455	-0.0115673586876152	0.046385108337337
SU_DSM5alcoholUD_ori	S8	-0.0317879220954744	-0.0111758848247058	0.0470892943493262	-0.0720682461438324	0.0745071312987694	-0.0668106492913401	0.0122477875673181	0.0322612239471519	-0.0753979859940176	0.0732386114893777	0.00775231611445648	-0.015604471457921	0.0714256011199831	-0.0301641590321276	0.0928866046342617
SU_DSM5alcoholUD_0or1vs2or3	S8	-0.0287608067197078	-0.0105005622259102	0.0533308886473206	-0.0450713822099107	0.0479384589737578	-0.0478927269567303	0.0126546631795153	0.0368187911585688	-0.0573903567194245	0.0419611298792202	-0.00775208001676918	-0.0170475429577668	0.0758328472608147	0.00110967274433591	0.070987797250334
SU_DSM5cannabisUD_ori	S8	-0.0522112695681663	-0.00752201456062624	0.0422853472404754	-0.027337110569146	0.0595470333756922	-0.0353500158284246	-0.0369968291035752	0.0189487054941592	-0.00473456425580264	0.0985450050807434	-0.0760872078345571	0.0409197049441163	0.0683562293653552	-0.021691589282619	0.0321870943691261
SU_DSM5cannabisUD_0or1vs2or3	S8	-0.0593924305251126	0.000928437622023749	0.0208852502547654	-0.0254676874255402	0.0606966095253517	-0.0497733793504091	-0.0351650022049313	-0.000256144657059854	-0.0131609564424501	0.0963957727198173	-0.0750016011379705	0.0517776692058823	0.0422767126233624	-0.012909092464139	0.0396994157040772
SU_cannabis_ever	S8	0.000722600923504531	-0.0651059545969158	0.0567785616605475	-0.0406773814482903	0.0800329082893113	-0.0113449501534641	-0.0435696814378787	0.0314637895326729	-0.024566313556396	0.0924025434993063	0.0235153467037103	-0.0695456293717752	0.0937373900147176	-0.035463439227568	0.0793792160302912
SU_cannabis_onset	S8	0.00621667566673678	-0.0341255085376039	0.04735393339884	-0.0236845636555842	-0.0493923293829495	0.0012871248266599	-0.022381897045649	0.00366970040667586	0.0258118841298921	-0.0164489923154378	0.00348511671713515	-0.0275574339334577	0.084792860531165	-0.0403940696429437	-0.0525875986429398
SU_cannabis_abuse_onset	S8	0.0160978608625592	0.0096090099806112	0.0799523509818234	0.0229067359297669	-0.0352710835744547	0.130556857443885	-0.0300279202990804	-0.0954188033471737	0.139757190453132	-0.0463887171455399	-0.0644122221297629	0.0350860592957307	0.204198876613455	-0.060982080849913	-0.0215562815095621
SU_cannabis_dependence_onset	S8	0.0420108283209142	-0.117579549882552	0.0913279627346345	0.0447306184641828	0.000706282011807543	0.0711867025240738	-0.0647590092939091	-0.0166048741779254	0.0847919865279224	0.0246394907156313	0.00914046804372647	-0.173025764032651	0.171795780206187	0.0143337330887988	0.0151698005263956
SU_cannabis_use_disorder_onset	S8	-0.00140036244661723	-0.0148941915564671	0.0340932975428251	-0.000736781358604877	-0.0391510669812433	-0.0020661354835427	0.0990269221040824	-0.111659864774886	0.105361103172201	-0.00717539337213188	-0.00829497041815722	-0.0998056160132584	0.14438567947501	-0.0864250585210967	-0.0453004015742168
