exposure.trait	SNP	PVALUE	ALLELE1	ALLELE0	A1FREQ	BETA	R.sqaured.SNP
SI	rs2155646	1.03e-10	T	C	0.61252		
SI	rs7613360	1.88e-09	C	T	0.602016	-0.0183941	0.000674574644122568
SI	rs62025923	2.6e-09	T	C	0.795548		
SI	rs2162965	2.79e-09	C	T	0.751556	-0.0363663	0.00205488429698092
SI	rs6756212	4.73e-09	C	T	0.461532	0.00740253	0.000113323857520989
SI	rs184584210	1.06e-08					
SI	rs325535	2.02e-08	A	G	0.837055	-Inf	
SI	rs951740	4.58e-08	G	A	0.377472	-0.0285353	0.00159223731501949
SI	Total		NA	NA			0.00443502011364397
CI	rs1368740	1.338e-13	A	G	0.749198	-0.0672825492080111	0.00990610781485195
CI	rs9919557	6.534e-11	T	C	0.612214		
CI	rs4099556	5.908e-09	G	A	0.180395	-0.0715239290552926	0.00880850880719831
CI	rs17761723	2.153e-08	C	T	0.653659	-0.0361060487603084	0.00343704842213879
CI	Total		NA	NA			0.0221516650441891
caffeine	rs2472297	7.8e-126	C	T	0.727035	-15.3909	0.00328703531402291
caffeine	rs4410790	2.6e-61	T	C	0.359539	-9.93959	0.00159070516045176
caffeine	rs17685	2.1e-22	G	A	0.720091	-6.21188	0.0005438315689932
caffeine	rs6947616	1.2e-16	T	C	0.878457	7.45343	0.000414740901607538
caffeine	rs9624470	5.9e-15	G	A	0.420057	-4.57915	0.000357171938578349
caffeine	rs199980439	2.8e-12	C	CA	0.874447	-6.12289	0.000287797856299316
caffeine	rs6062679	1e-11	T	C	0.532389	-3.92816	0.000268600108788157
caffeine	rs182565048	3.1e-11	A	G	0.974287	-19.404	0.000659532563721391
caffeine	rs565223578	1.7e-10	G	A	0.947765	-11.5033	0.000458058779550459
caffeine	rs6145633	1.8e-10	C	T	0.931778	9.40229	0.000392932758849335
caffeine	rs8614	1.8e-10	C	A	0.81981	-4.77086	0.000235099278037862
caffeine	rs11383974	1.2e-09	G	GC	0.356802	3.6289	0.000211317770759094
caffeine	rs780093	1.3e-09	T	C	0.379809	-3.57811	0.000210868709619887
caffeine	rs199736118	3.5e-09	C	T	0.919365	8.25393	0.000353140211725817
caffeine	rs117968677	9.1e-09	G	A	0.976221	11.195	0.000203424839598582
caffeine	rs9611522	1.1e-08	C	T	0.741721	3.70119	0.000183495950901863
caffeine	rs1481012	1.3e-08	A	G	0.888339	5.21775	0.000188825580791716
caffeine	rs587714234	1.3e-08	G	GA	0.529127	-3.26114	0.000185274927548767
caffeine	rs539726870	1.5e-08	A	G	0.881063	-5.31437	0.000206938631545943
caffeine	rs571868206	2.7e-08	C	A	0.980835	-16.4571	0.000355979876703966
caffeine	rs6415788	4e-08	G	T	0.396426	-3.25726	0.00017750539602198
caffeine	rs199879971	4.3e-08	C	CT	0.809886	3.94336	0.000167411349982469
caffeine	Total		NA	NA			0.0109396894741004
ESDPW	rs1229984	8e-155	T	C	0.0217686	-3.65259	0.00209949007582043
ESDPW	rs1260326	1.6e-44	T	C	0.393415	-0.577313	0.000587766908713537
ESDPW	rs11940694	3.2e-35	A	G	0.391387	-0.514113	0.000465269590782556
ESDPW	rs1302808	2.6e-25	C	A	0.800307	-0.532449	0.000334823062733983
ESDPW	rs13107325	9.7e-20	C	T	0.924731	0.696931	0.000249833691265733
ESDPW	rs572771346	3.2e-16	C	T	0.809947	0.442567	0.000222807221110579
ESDPW	rs1004787	7.2e-15	G	A	0.469081	-0.314259	0.000181757120917035
ESDPW	rs61873510	2.7e-14	G	T	0.672933	0.332841	0.000180186423968336
ESDPW	rs56094641	2.8e-14	A	G	0.596995	0.313235	0.000174446222816291
ESDPW	rs9822731	4.1e-13	T	C	0.776068	-0.345202	0.000153039105278265
ESDPW	rs13413953	1.5e-12	T	G	0.641508	0.295064	0.000147963253626961
ESDPW	rs11604680	3.1e-11	A	G	0.678383	0.285453	0.000131378122838034
ESDPW	rs528834309	3.6e-11	T	TCA	0.635621	-0.293752	0.000147690689319999
ESDPW	rs2925635	4.3e-11	A	G	0.400473	-0.281023	0.00014012176378084
ESDPW	rs7132908	2.4e-10	G	A	0.615544	0.257574	0.000116024489594766
ESDPW	rs113441031	4.2e-10	C	T	0.827707	0.333488	0.000117204573766001
ESDPW	rs34305371	7.1e-10	G	A	0.898949	0.404585	0.000109884161891857
ESDPW	rs7786376	7.4e-10	A	G	0.720681	-0.283968	0.000119956071035374
ESDPW	rs141769737	1.1e-09	G	A	0.884177	-0.385074	0.00011221793997738
ESDPW	rs11078696	1.3e-09	G	T	0.196746	-0.316889	0.000117277044506696
ESDPW	rs11860773	1.5e-09	T	C	0.804905	0.309727	0.000111323992319079
ESDPW	rs72726477	1.9e-09	G	A	0.877918	0.372624	0.000109973263298973
ESDPW	rs28929474	2e-09	C	T	0.980066	0.853481	0.000105166487289932
ESDPW	rs758239226	2.3e-09	GTGCA	G	0.805912	0.312353	0.000112776223271199
ESDPW	rs113443718	3.1e-09	G	A	0.689752	0.262322	0.000108820637275896
ESDPW	rs4480324	3.4e-09	A	G	0.295394	0.26101	0.000104785737984137
ESDPW	rs60180050	4.2e-09	C	CA	0.563907	-0.249526	0.000113150919380048
ESDPW	rs322764	6e-09	G	A	0.440461	-0.232074	9.80913416411296e-05
ESDPW	rs10267593	7.9e-09	G	A	0.832641	-0.316961	0.000103456646628807
ESDPW	rs11696120	9.3e-09	A	G	0.359358	-0.240623	9.85046824540149e-05
ESDPW	rs34869453	1e-08	C	CA	0.571896	-0.239079	0.000103416320617699
ESDPW	rs429150	1.1e-08	T	C	0.558503	0.236987	0.000102339240603357
ESDPW	rs838145	1.1e-08	G	A	0.459182	0.232882	9.95285584148811e-05
ESDPW	rs33705	1.7e-08	T	C	0.354743	0.237729	9.55984305378222e-05
ESDPW	rs6999407	1.9e-08	G	A	0.187039	-0.286874	9.24749569776274e-05
ESDPW	rs67404678	2.8e-08	A	C	0.878894	-0.347545	9.5008864085437e-05
ESDPW	rs11692435	3.1e-08	G	A	0.916227	-0.418218	9.92093197681622e-05
ESDPW	rs2955256	3.7e-08	C	T	0.674818	0.234174	8.89263324230453e-05
ESDPW	rs11428617	3.9e-08	A	AG	0.362456	-0.228214	8.89385201077504e-05
ESDPW	Total		NA	NA			0.00784062800882365
